name,param,value,description,cohort_type_1,cohort_type_2,cohort_type_3,cohort_type_4,cohort_file,cohort_tier,cohort_order_number
all.m,filter,(True) & (sex == 'M'),All Male Detainees,All Detainees,Male,All Ages,All Chronic Conditions,all.m,tier_2,1010
ad_nc.m,filter,((custody_class.isna() | (custody_class.str.strip() == ''))) & (sex == 'M'),Admitted Not Classified Male,Admitted Not Classified,Male,All Ages,All Chronic Conditions,admitted_not_classified.male,tier_2,1020
ad_nc.m.55plus,filter,(((custody_class.isna() | (custody_class.str.strip() == ''))) & (sex == 'M')) & (age_bracket == 'adult 55+'),Admitted Not Classified Male 55+,Admitted Not Classified,Male,55+,All Chronic Conditions,admitted_not_classified.male.55plus,tier_2a,1021
ad_nc.m.u55,filter,(((custody_class.isna() | (custody_class.str.strip() == ''))) & (sex == 'M')) & (age_bracket == 'adult under 55'),Admitted Not Classified Male Under 55,Admitted Not Classified,Male,Under 55,All Chronic Conditions,admitted_not_classified.male.u55,tier_2a,1022
ad_nc.u55,filter,((custody_class.isna() | (custody_class.str.strip() == ''))) & (age_bracket == 'adult under 55'),Admitted Not Classified Under 55,Admitted Not Classified,Male,Under 55,All Chronic Conditions,admitted_not_classified.u55,tier_1a,1022
min.m,filter,"((custody_class.isin(['MIN', 'MINIMUM', 'MIIN']))) & (sex == 'M')",Minimum Custody Male,Minimum Custody,Male,All Ages,All Chronic Conditions,minimum.male,tier_2,1030
min.m.55plus,filter,"(((custody_class.isin(['MIN', 'MINIMUM', 'MIIN']))) & (sex == 'M')) & (age_bracket == 'adult 55+')",Minimum Custody Male 55+,Minimum Custody,Male,55+,All Chronic Conditions,minimum.male.55plus,tier_2a,1031
min.m.u55,filter,"(((custody_class.isin(['MIN', 'MINIMUM', 'MIIN']))) & (sex == 'M')) & (age_bracket == 'adult under 55')",Minimum Custody Male Under 55,Minimum Custody,Male,Under 55,All Chronic Conditions,minimum.male.u55,tier_2a,1032
min.m.ch_high,filter,"(((custody_class.isin(['MIN', 'MINIMUM', 'MIIN']))) & (sex == 'M')) & (chronic_status == 'HIGH')",Minimum Custody Male Highly Severe Chronic Health Condition,Minimum Custody,Male,All Ages,Highly Severe Chronic Health Condition,minimum.male.chronic_high,tier_2b,1033
min.m.ch_low_mod_no,filter,"(((custody_class.isin(['MIN', 'MINIMUM', 'MIIN']))) & (sex == 'M')) & (chronic_status == 'HIGH')",Minimum Custody Male Low/Moderate/No Chronic Health Condition,Minimum Custody,Male,All Ages,Low/Moderate/No Chronic Health Condition,minimum.male.chronic_low_moderate_no_chronic,tier_2b,1034
med.m,filter,((custody_class.isin(['MED']))) & (sex == 'M'),Medium Custody Male,Medium Custody,Male,All Ages,All Chronic Conditions,medium.male,tier_2,1040
med.m.55plus,filter,(((custody_class.isin(['MED']))) & (sex == 'M')) & (age_bracket == 'adult 55+'),Medium Custody Male 55+,Medium Custody,Male,55+,All Chronic Conditions,medium.male.55plus,tier_2a,1041
med.m.u55,filter,(((custody_class.isin(['MED']))) & (sex == 'M')) & (age_bracket == 'adult under 55'),Medium Custody Male Under 55,Medium Custody,Male,Under 55,All Chronic Conditions,medium.male.u55,tier_2a,1042
med.m.ch_high,filter,(((custody_class.isin(['MED']))) & (sex == 'M')) & (chronic_status == 'HIGH'),Medium Custody Male Highly Severe Chronic Health Condition,Medium Custody,Male,All Ages,Highly Severe Chronic Health Condition,medium.male.chronic_high,tier_2b,1043
med.m.ch_low_mod_no,filter,"(((custody_class.isin(['MED']))) & (sex == 'M')) & (chronic_status .isin(['LOW','MODERATE','NO CHRONIC CONDITION']))",Medium Custody Male Low/Moderate/No Chronic Health Condition,Medium Custody,Male,All Ages,Low/Moderate/No Chronic Health Condition,medium.male.chronic_low_moderate_no_chronic,tier_2b,1044
clos.m,filter,"((custody_class.isin(['CLOS', 'CLO']))) & (sex == 'M')",Close Custody Male,Close Custody,Male,All Ages,All Chronic Conditions,close.male,tier_2,1050
clos.m.55plus,filter,"(((custody_class.isin(['CLOS', 'CLO']))) & (sex == 'M')) & (age_bracket == 'adult 55+')",Close Custody Male 55+,Close Custody,Male,55+,All Chronic Conditions,close.male.55plus,tier_2a,1051
clos.m.u55,filter,"(((custody_class.isin(['CLOS', 'CLO']))) & (sex == 'M')) & (age_bracket == 'adult under 55')",Close Custody Male Under 55,Close Custody,Male,Under 55,All Chronic Conditions,close.male.u55,tier_2a,1052
clos.m.ch_high,filter,"(((custody_class.isin(['CLOS', 'CLO']))) & (sex == 'M')) & (chronic_status == 'HIGH')",Close Custody Male Highly Severe Chronic Health Condition,Close Custody,Male,All Ages,Highly Severe Chronic Health Condition,close.male.chronic_high,tier_2b,1053
clos.m.ch_low_mod_no,filter,"(((custody_class.isin(['CLOS', 'CLO']))) & (sex == 'M')) & (chronic_status .isin(['LOW','MODERATE','NO CHRONIC CONDITION']))",Close Custody Male Low/Moderate/No Chronic Health Condition,Close Custody,Male,All Ages,Low/Moderate/No Chronic Health Condition,close.male.chronic_low_moderate_no_chronic,tier_2b,1054
max.m,filter,((custody_class.isin(['MAX']))) & (sex == 'M'),Maximum Custody Male,Maximum Custody,Male,All Ages,All Chronic Conditions,maximum.male,tier_2,1060
max.m.55plus,filter,(((custody_class.isin(['MAX']))) & (sex == 'M')) & (age_bracket == 'adult 55+'),Maximum Custody Male 55+,Maximum Custody,Male,55+,All Chronic Conditions,maximum.male.55plus,tier_2a,1061
max.m.u55,filter,(((custody_class.isin(['MAX']))) & (sex == 'M')) & (age_bracket == 'adult under 55'),Maximum Custody Male Under 55,Maximum Custody,Male,Under 55,All Chronic Conditions,maximum.male.u55,tier_2a,1062
max.m.ch_high,filter,(((custody_class.isin(['MAX']))) & (sex == 'M')) & (chronic_status == 'HIGH'),Maximum Custody Male Highly Severe Chronic Health Condition,Maximum Custody,Male,All Ages,Highly Severe Chronic Health Condition,maximum.male.chronic_high,tier_2b,1063
max.m.ch_low_mod_no,filter,"(((custody_class.isin(['MAX']))) & (sex == 'M')) & (chronic_status .isin(['LOW','MODERATE','NO CHRONIC CONDITION']))",Maximum Custody Male Low/Moderate/No Chronic Health Condition,Maximum Custody,Male,All Ages,Low/Moderate/No Chronic Health Condition,maximum.male.chronic_low_moderate_no_chronic,tier_2b,1064
ks.m,filter,"(custody_class.isin(['AS/KS', 'SN/KS', 'SN/ KS', 'PC/KS', 'AK/KS', 'SK/KS', 'G2 SN/KS', 'S3 AS/KS', 'S3- AS/KS'])) & (sex == 'M')",Keep Separate Male,Keep Separate,Male,All Ages,All Chronic Conditions,ks.male,tier_2,1070
ks.m.55plus,filter,"((custody_class.isin(['AS/KS', 'SN/KS', 'SN/ KS', 'PC/KS', 'AK/KS', 'SK/KS', 'G2 SN/KS', 'S3 AS/KS', 'S3- AS/KS'])) & (sex == 'M')) & (age_bracket == 'adult 55+')",Keep Separate Male 55+,Keep Separate,Male,55+,All Chronic Conditions,ks.male.55plus,tier_2a,1071
ks.m.u55,filter,"((custody_class.isin(['AS/KS', 'SN/KS', 'SN/ KS', 'PC/KS', 'AK/KS', 'SK/KS', 'G2 SN/KS', 'S3 AS/KS', 'S3- AS/KS'])) & (sex == 'M')) & (age_bracket == 'adult under 55')",Keep Separate Male Under 55,Keep Separate,Male,Under 55,All Chronic Conditions,ks.male.u55,tier_2a,1072
ks.m.ch_high,filter,"((custody_class.isin(['AS/KS', 'SN/KS', 'SN/ KS', 'PC/KS', 'AK/KS', 'SK/KS', 'G2 SN/KS', 'S3 AS/KS', 'S3- AS/KS'])) & (sex == 'M')) & (chronic_status == 'HIGH')",Keep Separate Male Highly Severe Chronic Health Condition,Keep Separate,Male,All Ages,Highly Severe Chronic Health Condition,ks.male.chronic_high,tier_2b,1073
ks.m.ch_low_mod_no,filter,"((custody_class.isin(['AS/KS', 'SN/KS', 'SN/ KS', 'PC/KS', 'AK/KS', 'SK/KS', 'G2 SN/KS', 'S3 AS/KS', 'S3- AS/KS'])) & (sex == 'M')) & (chronic_status .isin(['LOW','MODERATE','NO CHRONIC CONDITION']))",Keep Separate Male Low/Moderate/No Chronic Health Condition,Keep Separate,Male,All Ages,Low/Moderate/No Chronic Health Condition,ks.male.chronic_low_moderate_no_chronic,tier_2b,1074
pc.m,filter,"((custody_class.str.contains('PC', na=False) | custody_class.isin(['PEND PC']))) & (sex == 'M')",Protective Custody Male,Protective Custody,Male,All Ages,All Chronic Conditions,pc.male,tier_2,1080
pc.m.55plus,filter,"(((custody_class.str.contains('PC', na=False) | custody_class.isin(['PEND PC']))) & (sex == 'M')) & (age_bracket == 'adult 55+')",Protective Custody Male 55+,Protective Custody,Male,55+,All Chronic Conditions,pc.male.55plus,tier_2a,1081
pc.m.u55,filter,"(((custody_class.str.contains('PC', na=False) | custody_class.isin(['PEND PC']))) & (sex == 'M')) & (age_bracket == 'adult under 55')",Protective Custody Male Under 55,Protective Custody,Male,Under 55,All Chronic Conditions,pc.male.u55,tier_2a,1082
pc.m.ch_high,filter,"(((custody_class.str.contains('PC', na=False) | custody_class.isin(['PEND PC']))) & (sex == 'M')) & (chronic_status == 'HIGH')",Protective Custody Male Highly Severe Chronic Health Condition,Protective Custody,Male,All Ages,Highly Severe Chronic Health Condition,pc.male.chronic_high,tier_2b,1083
pc.m.ch_low_mod_no,filter,"(((custody_class.str.contains('PC', na=False) | custody_class.isin(['PEND PC']))) & (sex == 'M')) & (chronic_status .isin(['LOW','MODERATE','NO CHRONIC CONDITION']))",Protective Custody Male Low/Moderate/No Chronic Health Condition,Protective Custody,Male,All Ages,Low/Moderate/No Chronic Health Condition,pc.male.chronic_low_moderate_no_chronic,tier_2b,1084
as.m,filter,"(((custody_class.str.contains('AS', na=False)) | custody_class.isin(['AS/KS', 'S3 AS/KS', 'S3- AS/KS'])) & (housing != 'S2')) & (sex == 'M')",Administrative Segregation Male,Administrative Segregation,Male,All Ages,All Chronic Conditions,as.male,tier_2,1090
as.m.55plus,filter,"((((custody_class.str.contains('AS', na=False)) | custody_class.isin(['AS/KS', 'S3 AS/KS', 'S3- AS/KS'])) & (housing != 'S2')) & (sex == 'M')) & (age_bracket == 'adult 55+')",Administrative Segregation Male 55+,Administrative Segregation,Male,55+,All Chronic Conditions,as.male.55plus,tier_2a,1091
as.m.u55,filter,"((((custody_class.str.contains('AS', na=False)) | custody_class.isin(['AS/KS', 'S3 AS/KS', 'S3- AS/KS'])) & (housing != 'S2')) & (sex == 'M')) & (age_bracket == 'adult under 55')",Administrative Segregation Male Under 55,Administrative Segregation,Male,Under 55,All Chronic Conditions,as.male.u55,tier_2a,1092
as.m.ch_high,filter,"((((custody_class.str.contains('AS', na=False)) | custody_class.isin(['AS/KS', 'S3 AS/KS', 'S3- AS/KS'])) & (housing != 'S2')) & (sex == 'M')) & (chronic_status == 'HIGH')",Administrative Segregation Male Highly Severe Chronic Health Condition,Administrative Segregation,Male,All Ages,Highly Severe Chronic Health Condition,as.male.chronic_high,tier_2b,1093
as.m.ch_low_mod_no,filter,"((((custody_class.str.contains('AS', na=False)) | custody_class.isin(['AS/KS', 'S3 AS/KS', 'S3- AS/KS'])) & (housing != 'S2')) & (sex == 'M')) & (chronic_status .isin(['LOW','MODERATE','NO CHRONIC CONDITION']))",Administrative Segregation Male Low/Moderate/No Chronic Health Condition,Administrative Segregation,Male,All Ages,Low/Moderate/No Chronic Health Condition,as.male.chronic_low_moderate_no_chronic,tier_2b,1094
disc.m,filter,"((housing == 'S2') & ~(custody_class.str.contains('AS', na=False) | custody_class.isin(['AS/KS','S3 AS/KS','S3- AS/KS']))) & (sex == 'M')",Disciplinary Male,Disciplinary,Male,All Ages,All Chronic Conditions,disciplinary.male,tier_2,1100
disc.m.55plus,filter,"(((housing == 'S2') & ~(custody_class.str.contains('AS', na=False) | custody_class.isin(['AS/KS','S3 AS/KS','S3- AS/KS']))) & (sex == 'M')) & (age_bracket == 'adult 55+')",Disciplinary Male 55+,Disciplinary,Male,55+,All Chronic Conditions,disciplinary.male.55plus,tier_2a,1101
disc.m.u55,filter,"(((housing == 'S2') & ~(custody_class.str.contains('AS', na=False) | custody_class.isin(['AS/KS','S3 AS/KS','S3- AS/KS']))) & (sex == 'M')) & (age_bracket == 'adult under 55')",Disciplinary Male Under 55,Disciplinary,Male,Under 55,All Chronic Conditions,disciplinary.male.u55,tier_2a,1102
disc.m.ch_high,filter,"(((housing == 'S2') & ~(custody_class.str.contains('AS', na=False) | custody_class.isin(['AS/KS','S3 AS/KS','S3- AS/KS']))) & (sex == 'M')) & (chronic_status == 'HIGH')",Disciplinary Male Highly Severe Chronic Health Condition,Disciplinary,Male,All Ages,Highly Severe Chronic Health Condition,disciplinary.male.chronic_high,tier_2b,1103
disc.m.ch_low_mod_no,filter,"(((housing == 'S2') & ~(custody_class.str.contains('AS', na=False) | custody_class.isin(['AS/KS','S3 AS/KS','S3- AS/KS']))) & (sex == 'M')) & (chronic_status .isin(['LOW','MODERATE','NO CHRONIC CONDITION']))",Disciplinary Male Low/Moderate/No Chronic Health Condition,Disciplinary,Male,All Ages,Low/Moderate/No Chronic Health Condition,disciplinary.male.chronic_low_moderate_no_chronic,tier_2b,1104
cs.m,filter,"((custody_class.str.contains('CS', na=False) | custody_class.isin(['S3-CS', 'S3 (CS)', 'S3 - CS', 'S3-CONTROL SEG', 'S3-CONTROL SEGRE', 'S3 CONT. SEG.', 'CONTROL SEGREGAT', 'G2-CS', 'I POD SUBDAY CS']))) & (sex == 'M')",Control Segregation Male,Control Segregation,Male,All Ages,All Chronic Conditions,cs.male,tier_2,1110
cs.m.55plus,filter,"(((custody_class.str.contains('CS', na=False) | custody_class.isin(['S3-CS', 'S3 (CS)', 'S3 - CS', 'S3-CONTROL SEG', 'S3-CONTROL SEGRE', 'S3 CONT. SEG.', 'CONTROL SEGREGAT', 'G2-CS', 'I POD SUBDAY CS']))) & (sex == 'M')) & (age_bracket == 'adult 55+')",Control Segregation Male 55+,Control Segregation,Male,55+,All Chronic Conditions,cs.male.55plus,tier_2a,1111
cs.m.u55,filter,"(((custody_class.str.contains('CS', na=False) | custody_class.isin(['S3-CS', 'S3 (CS)', 'S3 - CS', 'S3-CONTROL SEG', 'S3-CONTROL SEGRE', 'S3 CONT. SEG.', 'CONTROL SEGREGAT', 'G2-CS', 'I POD SUBDAY CS']))) & (sex == 'M')) & (age_bracket == 'adult under 55')",Control Segregation Male Under 55,Control Segregation,Male,Under 55,All Chronic Conditions,cs.male.u55,tier_2a,1112
cs.m.ch_high,filter,"(((custody_class.str.contains('CS', na=False) | custody_class.isin(['S3-CS', 'S3 (CS)', 'S3 - CS', 'S3-CONTROL SEG', 'S3-CONTROL SEGRE', 'S3 CONT. SEG.', 'CONTROL SEGREGAT', 'G2-CS', 'I POD SUBDAY CS']))) & (sex == 'M')) & (chronic_status == 'HIGH')",Control Segregation Male Highly Severe Chronic Health Condition,Control Segregation,Male,All Ages,Highly Severe Chronic Health Condition,cs.male.chronic_high,tier_2b,1113
cs.m.ch_low_mod_no,filter,"(((custody_class.str.contains('CS', na=False) | custody_class.isin(['S3-CS', 'S3 (CS)', 'S3 - CS', 'S3-CONTROL SEG', 'S3-CONTROL SEGRE', 'S3 CONT. SEG.', 'CONTROL SEGREGAT', 'G2-CS', 'I POD SUBDAY CS']))) & (sex == 'M')) & (chronic_status .isin(['LOW','MODERATE','NO CHRONIC CONDITION']))",Control Segregation Male Low/Moderate/No Chronic Health Condition,Control Segregation,Male,All Ages,Low/Moderate/No Chronic Health Condition,cs.male.chronic_low_moderate_no_chronic,tier_2b,1114
sn.m,filter,"((custody_class.str.contains('SN', na=False) | custody_class.isin(['SN- HOUSE IN SUB', 'SN (IPOD SUBDAY)', 'SN J-POD']))) & (sex == 'M')",Special Needs Male,Special Needs,Male,All Ages,All Chronic Conditions,special_needs.male,tier_2,1120
sn.m.55plus,filter,"(((custody_class.str.contains('SN', na=False) | custody_class.isin(['SN- HOUSE IN SUB', 'SN (IPOD SUBDAY)', 'SN J-POD']))) & (sex == 'M')) & (age_bracket == 'adult 55+')",Special Needs Male 55+,Special Needs,Male,55+,All Chronic Conditions,special_needs.male.55plus,tier_2a,1121
sn.m.u55,filter,"(((custody_class.str.contains('SN', na=False) | custody_class.isin(['SN- HOUSE IN SUB', 'SN (IPOD SUBDAY)', 'SN J-POD']))) & (sex == 'M')) & (age_bracket == 'adult under 55')",Special Needs Male Under 55,Special Needs,Male,Under 55,All Chronic Conditions,special_needs.male.u55,tier_2a,1122
sn.m.ch_high,filter,"(((custody_class.str.contains('SN', na=False) | custody_class.isin(['SN- HOUSE IN SUB', 'SN (IPOD SUBDAY)', 'SN J-POD']))) & (sex == 'M')) & (chronic_status == 'HIGH')",Special Needs Male Highly Severe Chronic Health Condition,Special Needs,Male,All Ages,Highly Severe Chronic Health Condition,special_needs.male.chronic_high,tier_2b,1123
sn.m.ch_low_mod_no,filter,"(((custody_class.str.contains('SN', na=False) | custody_class.isin(['SN- HOUSE IN SUB', 'SN (IPOD SUBDAY)', 'SN J-POD']))) & (sex == 'M')) & (chronic_status .isin(['LOW','MODERATE','NO CHRONIC CONDITION']))",Special Needs Male Low/Moderate/No Chronic Health Condition,Special Needs,Male,All Ages,Low/Moderate/No Chronic Health Condition,special_needs.male.chronic_low_moderate_no_chronic,tier_2b,1124
det.m,filter,((housing_detox_status == 'DETOX')) & (sex == 'M'),Detox Male,Detox,Male,All Ages,All Chronic Conditions,detox.male,tier_2,1140
det.m.55plus,filter,(((housing_detox_status == 'DETOX')) & (sex == 'M')) & (age_bracket == 'adult 55+'),Detox Male 55+,Detox,Male,55+,All Chronic Conditions,detox.male.55plus,tier_2a,1141
det.m.u55,filter,(((housing_detox_status == 'DETOX')) & (sex == 'M')) & (age_bracket == 'adult under 55'),Detox Male Under 55,Detox,Male,Under 55,All Chronic Conditions,detox.male.u55,tier_2a,1142
det.m.ch_high,filter,(((housing_detox_status == 'DETOX')) & (sex == 'M')) & (chronic_status == 'HIGH'),Detox Male Highly Severe Chronic Health Condition,Detox,Male,All Ages,Highly Severe Chronic Health Condition,detox.male.chronic_high,tier_2b,1143
det.m.ch_low_mod_no,filter,"(((housing_detox_status == 'DETOX')) & (sex == 'M')) & (chronic_status .isin(['LOW','MODERATE','NO CHRONIC CONDITION']))",Detox Male Low/Moderate/No Chronic Health Condition,Detox,Male,All Ages,Low/Moderate/No Chronic Health Condition,detox.male.chronic_low_moderate_no_chronic,tier_2b,1144
wr_m,filter,((sex == 'M') & (housing == 'A1')),Work Release Male,Work Release Male,Male,All Ages,All Chronic Conditions,work_release_male,tier_1,1150
wr_m.55plus,filter,(((sex == 'M') & (housing == 'A1'))) & (age_bracket == 'adult 55+'),Work Release Male 55+,Work Release Male,Male,55+,All Chronic Conditions,work_release_male.55plus,tier_1a,1151
wr_m.u55,filter,(((sex == 'M') & (housing == 'A1'))) & (age_bracket == 'adult under 55'),Work Release Male Under 55,Work Release Male,Male,Under 55,All Chronic Conditions,work_release_male.u55,tier_1a,1152
wr_m.ch_high,filter,(((sex == 'M') & (housing == 'A1'))) & (chronic_status == 'HIGH'),Work Release Male Highly Severe Chronic Health Condition,Work Release Male,Male,All Ages,Highly Severe Chronic Health Condition,work_release_male.chronic_high,tier_1b,1153
all.f,filter,(True) & (sex == 'F'),All Female Detainees,All Detainees,Female,All Ages,All Chronic Conditions,all.f,tier_2,2010
ad_nc.f,filter,((custody_class.isna() | (custody_class.str.strip() == ''))) & (sex == 'F'),Admitted Not Classified Female,Admitted Not Classified,Female,All Ages,All Chronic Conditions,admitted_not_classified.female,tier_2,2020
ad_nc.f.55plus,filter,(((custody_class.isna() | (custody_class.str.strip() == ''))) & (sex == 'F')) & (age_bracket == 'adult 55+'),Admitted Not Classified Female 55+,Admitted Not Classified,Female,55+,All Chronic Conditions,admitted_not_classified.female.55plus,tier_2a,2021
ad_nc.f.u55,filter,(((custody_class.isna() | (custody_class.str.strip() == ''))) & (sex == 'F')) & (age_bracket == 'adult under 55'),Admitted Not Classified Female Under 55,Admitted Not Classified,Female,Under 55,All Chronic Conditions,admitted_not_classified.female.u55,tier_2a,2022
min.f,filter,"((custody_class.isin(['MIN', 'MINIMUM', 'MIIN']))) & (sex == 'F')",Minimum Custody Female,Minimum Custody,Female,All Ages,All Chronic Conditions,minimum.female,tier_2,2030
min.f.55plus,filter,"(((custody_class.isin(['MIN', 'MINIMUM', 'MIIN']))) & (sex == 'F')) & (age_bracket == 'adult 55+')",Minimum Custody Female 55+,Minimum Custody,Female,55+,All Chronic Conditions,minimum.female.55plus,tier_2a,2031
min.f.u55,filter,"(((custody_class.isin(['MIN', 'MINIMUM', 'MIIN']))) & (sex == 'F')) & (age_bracket == 'adult under 55')",Minimum Custody Female Under 55,Minimum Custody,Female,Under 55,All Chronic Conditions,minimum.female.u55,tier_2a,2032
min.f.ch_high,filter,"(((custody_class.isin(['MIN', 'MINIMUM', 'MIIN']))) & (sex == 'F')) & (chronic_status == 'HIGH')",Minimum Custody Female Highly Severe Chronic Health Condition,Minimum Custody,Female,All Ages,Highly Severe Chronic Health Condition,minimum.female.chronic_high,tier_2b,2033
min.f.ch_low_mod_no,filter,"(((custody_class.isin(['MIN', 'MINIMUM', 'MIIN']))) & (sex == 'F')) & (chronic_status .isin(['LOW','MODERATE','NO CHRONIC CONDITION']))",Minimum Custody Female Low/Moderate/No Chronic Health Condition,Minimum Custody,Female,All Ages,Low/Moderate/No Chronic Health Condition,minimum.female.chronic_low_moderate_no_chronic,tier_2b,2034
med.f,filter,((custody_class.isin(['MED']))) & (sex == 'F'),Medium Custody Female,Medium Custody,Female,All Ages,All Chronic Conditions,medium.female,tier_2,2040
med.f.55plus,filter,(((custody_class.isin(['MED']))) & (sex == 'F')) & (age_bracket == 'adult 55+'),Medium Custody Female 55+,Medium Custody,Female,55+,All Chronic Conditions,medium.female.55plus,tier_2a,2041
med.f.u55,filter,(((custody_class.isin(['MED']))) & (sex == 'F')) & (age_bracket == 'adult under 55'),Medium Custody Female Under 55,Medium Custody,Female,Under 55,All Chronic Conditions,medium.female.u55,tier_2a,2042
med.f.ch_high,filter,(((custody_class.isin(['MED']))) & (sex == 'F')) & (chronic_status == 'HIGH'),Medium Custody Female Highly Severe Chronic Health Condition,Medium Custody,Female,All Ages,Highly Severe Chronic Health Condition,medium.female.chronic_high,tier_2b,2043
med.f.ch_low_mod_no,filter,"(((custody_class.isin(['MED']))) & (sex == 'F')) & (chronic_status .isin(['LOW','MODERATE','NO CHRONIC CONDITION']))",Medium Custody Female Low/Moderate/No Chronic Health Condition,Medium Custody,Female,All Ages,Low/Moderate/No Chronic Health Condition,medium.female.chronic_low_moderate_no_chronic,tier_2b,2044
clos.f,filter,"((custody_class.isin(['CLOS', 'CLO']))) & (sex == 'F')",Close Custody Female,Close Custody,Female,All Ages,All Chronic Conditions,close.female,tier_2,2050
clos.f.55plus,filter,"(((custody_class.isin(['CLOS', 'CLO']))) & (sex == 'F')) & (age_bracket == 'adult 55+')",Close Custody Female 55+,Close Custody,Female,55+,All Chronic Conditions,close.female.55plus,tier_2a,2051
clos.f.u55,filter,"(((custody_class.isin(['CLOS', 'CLO']))) & (sex == 'F')) & (age_bracket == 'adult under 55')",Close Custody Female Under 55,Close Custody,Female,Under 55,All Chronic Conditions,close.female.u55,tier_2a,2052
clos.f.ch_high,filter,"(((custody_class.isin(['CLOS', 'CLO']))) & (sex == 'F')) & (chronic_status == 'HIGH')",Close Custody Female Highly Severe Chronic Health Condition,Close Custody,Female,All Ages,Highly Severe Chronic Health Condition,close.female.chronic_high,tier_2b,2053
clos.f.ch_low_mod_no,filter,"(((custody_class.isin(['CLOS', 'CLO']))) & (sex == 'F')) & (chronic_status .isin(['LOW','MODERATE','NO CHRONIC CONDITION']))",Close Custody Female Low/Moderate/No Chronic Health Condition,Close Custody,Female,All Ages,Low/Moderate/No Chronic Health Condition,close.female.chronic_low_moderate_no_chronic,tier_2b,2054
max.f,filter,((custody_class.isin(['MAX']))) & (sex == 'F'),Maximum Custody Female,Maximum Custody,Female,All Ages,All Chronic Conditions,maximum.female,tier_2,2060
max.f.55plus,filter,(((custody_class.isin(['MAX']))) & (sex == 'F')) & (age_bracket == 'adult 55+'),Maximum Custody Female 55+,Maximum Custody,Female,55+,All Chronic Conditions,maximum.female.55plus,tier_2a,2061
max.f.u55,filter,(((custody_class.isin(['MAX']))) & (sex == 'F')) & (age_bracket == 'adult under 55'),Maximum Custody Female Under 55,Maximum Custody,Female,Under 55,All Chronic Conditions,maximum.female.u55,tier_2a,2062
max.f.ch_high,filter,(((custody_class.isin(['MAX']))) & (sex == 'F')) & (chronic_status == 'HIGH'),Maximum Custody Female Highly Severe Chronic Health Condition,Maximum Custody,Female,All Ages,Highly Severe Chronic Health Condition,maximum.female.chronic_high,tier_2b,2063
max.f.ch_low_mod_no,filter,"(((custody_class.isin(['MAX']))) & (sex == 'F')) & (chronic_status .isin(['LOW','MODERATE','NO CHRONIC CONDITION']))",Maximum Custody Female Low/Moderate/No Chronic Health Condition,Maximum Custody,Female,All Ages,Low/Moderate/No Chronic Health Condition,maximum.female.chronic_low_moderate_no_chronic,tier_2b,2064
ks.f,filter,"(custody_class.isin(['AS/KS', 'SN/KS', 'SN/ KS', 'PC/KS', 'AK/KS', 'SK/KS', 'G2 SN/KS', 'S3 AS/KS', 'S3- AS/KS'])) & (sex == 'F')",Keep Separate Female,Keep Separate,Female,All Ages,All Chronic Conditions,ks.female,tier_2,2070
ks.f.55plus,filter,"((custody_class.isin(['AS/KS', 'SN/KS', 'SN/ KS', 'PC/KS', 'AK/KS', 'SK/KS', 'G2 SN/KS', 'S3 AS/KS', 'S3- AS/KS'])) & (sex == 'F')) & (age_bracket == 'adult 55+')",Keep Separate Female 55+,Keep Separate,Female,55+,All Chronic Conditions,ks.female.55plus,tier_2a,2071
ks.f.u55,filter,"((custody_class.isin(['AS/KS', 'SN/KS', 'SN/ KS', 'PC/KS', 'AK/KS', 'SK/KS', 'G2 SN/KS', 'S3 AS/KS', 'S3- AS/KS'])) & (sex == 'F')) & (age_bracket == 'adult under 55')",Keep Separate Female Under 55,Keep Separate,Female,Under 55,All Chronic Conditions,ks.female.u55,tier_2a,2072
ks.f.ch_high,filter,"((custody_class.isin(['AS/KS', 'SN/KS', 'SN/ KS', 'PC/KS', 'AK/KS', 'SK/KS', 'G2 SN/KS', 'S3 AS/KS', 'S3- AS/KS'])) & (sex == 'F')) & (chronic_status == 'HIGH')",Keep Separate Female Highly Severe Chronic Health Condition,Keep Separate,Female,All Ages,Highly Severe Chronic Health Condition,ks.female.chronic_high,tier_2b,2073
ks.f.ch_low_mod_no,filter,"((custody_class.isin(['AS/KS', 'SN/KS', 'SN/ KS', 'PC/KS', 'AK/KS', 'SK/KS', 'G2 SN/KS', 'S3 AS/KS', 'S3- AS/KS'])) & (sex == 'F')) & (chronic_status .isin(['LOW','MODERATE','NO CHRONIC CONDITION']))",Keep Separate Female Low/Moderate/No Chronic Health Condition,Keep Separate,Female,All Ages,Low/Moderate/No Chronic Health Condition,ks.female.chronic_low_moderate_no_chronic,tier_2b,2074
pc.f,filter,"((custody_class.str.contains('PC', na=False) | custody_class.isin(['PEND PC']))) & (sex == 'F')",Protective Custody Female,Protective Custody,Female,All Ages,All Chronic Conditions,pc.female,tier_2,2080
pc.f.55plus,filter,"(((custody_class.str.contains('PC', na=False) | custody_class.isin(['PEND PC']))) & (sex == 'F')) & (age_bracket == 'adult 55+')",Protective Custody Female 55+,Protective Custody,Female,55+,All Chronic Conditions,pc.female.55plus,tier_2a,2081
pc.f.u55,filter,"(((custody_class.str.contains('PC', na=False) | custody_class.isin(['PEND PC']))) & (sex == 'F')) & (age_bracket == 'adult under 55')",Protective Custody Female Under 55,Protective Custody,Female,Under 55,All Chronic Conditions,pc.female.u55,tier_2a,2082
pc.f.ch_high,filter,"(((custody_class.str.contains('PC', na=False) | custody_class.isin(['PEND PC']))) & (sex == 'F')) & (chronic_status == 'HIGH')",Protective Custody Female Highly Severe Chronic Health Condition,Protective Custody,Female,All Ages,Highly Severe Chronic Health Condition,pc.female.chronic_high,tier_2b,2083
pc.f.ch_low_mod_no,filter,"(((custody_class.str.contains('PC', na=False) | custody_class.isin(['PEND PC']))) & (sex == 'F')) & (chronic_status .isin(['LOW','MODERATE','NO CHRONIC CONDITION']))",Protective Custody Female Low/Moderate/No Chronic Health Condition,Protective Custody,Female,All Ages,Low/Moderate/No Chronic Health Condition,pc.female.chronic_low_moderate_no_chronic,tier_2b,2084
as.f,filter,"(((custody_class.str.contains('AS', na=False)) | custody_class.isin(['AS/KS', 'S3 AS/KS', 'S3- AS/KS'])) & (housing != 'S2')) & (sex == 'F')",Administrative Segregation Female,Administrative Segregation,Female,All Ages,All Chronic Conditions,as.female,tier_2,2090
as.f.55plus,filter,"((((custody_class.str.contains('AS', na=False)) | custody_class.isin(['AS/KS', 'S3 AS/KS', 'S3- AS/KS'])) & (housing != 'S2')) & (sex == 'F')) & (age_bracket == 'adult 55+')",Administrative Segregation Female 55+,Administrative Segregation,Female,55+,All Chronic Conditions,as.female.55plus,tier_2a,2091
as.f.u55,filter,"((((custody_class.str.contains('AS', na=False)) | custody_class.isin(['AS/KS', 'S3 AS/KS', 'S3- AS/KS'])) & (housing != 'S2')) & (sex == 'F')) & (age_bracket == 'adult under 55')",Administrative Segregation Female Under 55,Administrative Segregation,Female,Under 55,All Chronic Conditions,as.female.u55,tier_2a,2092
as.f.ch_high,filter,"((((custody_class.str.contains('AS', na=False)) | custody_class.isin(['AS/KS', 'S3 AS/KS', 'S3- AS/KS'])) & (housing != 'S2')) & (sex == 'F')) & (chronic_status == 'HIGH')",Administrative Segregation Female Highly Severe Chronic Health Condition,Administrative Segregation,Female,All Ages,Highly Severe Chronic Health Condition,as.female.chronic_high,tier_2b,2093
as.f.ch_low_mod_no,filter,"((((custody_class.str.contains('AS', na=False)) | custody_class.isin(['AS/KS', 'S3 AS/KS', 'S3- AS/KS'])) & (housing != 'S2')) & (sex == 'F')) & (chronic_status .isin(['LOW','MODERATE','NO CHRONIC CONDITION']))",Administrative Segregation Female Low/Moderate/No Chronic Health Condition,Administrative Segregation,Female,All Ages,Low/Moderate/No Chronic Health Condition,as.female.chronic_low_moderate_no_chronic,tier_2b,2094
disc.f,filter,"((housing == 'S2') & ~(custody_class.str.contains('AS', na=False) | custody_class.isin(['AS/KS','S3 AS/KS','S3- AS/KS']))) & (sex == 'F')",Disciplinary Female,Disciplinary,Female,All Ages,All Chronic Conditions,disciplinary.female,tier_2,2100
disc.f.55plus,filter,"(((housing == 'S2') & ~(custody_class.str.contains('AS', na=False) | custody_class.isin(['AS/KS','S3 AS/KS','S3- AS/KS']))) & (sex == 'F')) & (age_bracket == 'adult 55+')",Disciplinary Female 55+,Disciplinary,Female,55+,All Chronic Conditions,disciplinary.female.55plus,tier_2a,2101
disc.f.u55,filter,"(((housing == 'S2') & ~(custody_class.str.contains('AS', na=False) | custody_class.isin(['AS/KS','S3 AS/KS','S3- AS/KS']))) & (sex == 'F')) & (age_bracket == 'adult under 55')",Disciplinary Female Under 55,Disciplinary,Female,Under 55,All Chronic Conditions,disciplinary.female.u55,tier_2a,2102
disc.f.ch_high,filter,"(((housing == 'S2') & ~(custody_class.str.contains('AS', na=False) | custody_class.isin(['AS/KS','S3 AS/KS','S3- AS/KS']))) & (sex == 'F')) & (chronic_status == 'HIGH')",Disciplinary Female Highly Severe Chronic Health Condition,Disciplinary,Female,All Ages,Highly Severe Chronic Health Condition,disciplinary.female.chronic_high,tier_2b,2103
disc.f.ch_low_mod_no,filter,"(((housing == 'S2') & ~(custody_class.str.contains('AS', na=False) | custody_class.isin(['AS/KS','S3 AS/KS','S3- AS/KS']))) & (sex == 'F')) & (chronic_status .isin(['LOW','MODERATE','NO CHRONIC CONDITION']))",Disciplinary Female Low/Moderate/No Chronic Health Condition,Disciplinary,Female,All Ages,Low/Moderate/No Chronic Health Condition,disciplinary.female.chronic_low_moderate_no_chronic,tier_2b,2104
cs.f,filter,"((custody_class.str.contains('CS', na=False) | custody_class.isin(['S3-CS', 'S3 (CS)', 'S3 - CS', 'S3-CONTROL SEG', 'S3-CONTROL SEGRE', 'S3 CONT. SEG.', 'CONTROL SEGREGAT', 'G2-CS', 'I POD SUBDAY CS']))) & (sex == 'F')",Control Segregation Female,Control Segregation,Female,All Ages,All Chronic Conditions,cs.female,tier_2,2110
cs.f.55plus,filter,"(((custody_class.str.contains('CS', na=False) | custody_class.isin(['S3-CS', 'S3 (CS)', 'S3 - CS', 'S3-CONTROL SEG', 'S3-CONTROL SEGRE', 'S3 CONT. SEG.', 'CONTROL SEGREGAT', 'G2-CS', 'I POD SUBDAY CS']))) & (sex == 'F')) & (age_bracket == 'adult 55+')",Control Segregation Female 55+,Control Segregation,Female,55+,All Chronic Conditions,cs.female.55plus,tier_2a,2111
cs.f.u55,filter,"(((custody_class.str.contains('CS', na=False) | custody_class.isin(['S3-CS', 'S3 (CS)', 'S3 - CS', 'S3-CONTROL SEG', 'S3-CONTROL SEGRE', 'S3 CONT. SEG.', 'CONTROL SEGREGAT', 'G2-CS', 'I POD SUBDAY CS']))) & (sex == 'F')) & (age_bracket == 'adult under 55')",Control Segregation Female Under 55,Control Segregation,Female,Under 55,All Chronic Conditions,cs.female.u55,tier_2a,2112
cs.f.ch_high,filter,"(((custody_class.str.contains('CS', na=False) | custody_class.isin(['S3-CS', 'S3 (CS)', 'S3 - CS', 'S3-CONTROL SEG', 'S3-CONTROL SEGRE', 'S3 CONT. SEG.', 'CONTROL SEGREGAT', 'G2-CS', 'I POD SUBDAY CS']))) & (sex == 'F')) & (chronic_status == 'HIGH')",Control Segregation Female Highly Severe Chronic Health Condition,Control Segregation,Female,All Ages,Highly Severe Chronic Health Condition,cs.female.chronic_high,tier_2b,2113
cs.f.ch_low_mod_no,filter,"(((custody_class.str.contains('CS', na=False) | custody_class.isin(['S3-CS', 'S3 (CS)', 'S3 - CS', 'S3-CONTROL SEG', 'S3-CONTROL SEGRE', 'S3 CONT. SEG.', 'CONTROL SEGREGAT', 'G2-CS', 'I POD SUBDAY CS']))) & (sex == 'F')) & (chronic_status .isin(['LOW','MODERATE','NO CHRONIC CONDITION']))",Control Segregation Female Low/Moderate/No Chronic Health Condition,Control Segregation,Female,All Ages,Low/Moderate/No Chronic Health Condition,cs.female.chronic_low_moderate_no_chronic,tier_2b,2114
sn.f,filter,"((custody_class.str.contains('SN', na=False) | custody_class.isin(['SN- HOUSE IN SUB', 'SN (IPOD SUBDAY)', 'SN J-POD']))) & (sex == 'F')",Special Needs Female,Special Needs,Female,All Ages,All Chronic Conditions,special_needs.female,tier_2,2120
sn.f.55plus,filter,"(((custody_class.str.contains('SN', na=False) | custody_class.isin(['SN- HOUSE IN SUB', 'SN (IPOD SUBDAY)', 'SN J-POD']))) & (sex == 'F')) & (age_bracket == 'adult 55+')",Special Needs Female 55+,Special Needs,Female,55+,All Chronic Conditions,special_needs.female.55plus,tier_2a,2121
sn.f.u55,filter,"(((custody_class.str.contains('SN', na=False) | custody_class.isin(['SN- HOUSE IN SUB', 'SN (IPOD SUBDAY)', 'SN J-POD']))) & (sex == 'F')) & (age_bracket == 'adult under 55')",Special Needs Female Under 55,Special Needs,Female,Under 55,All Chronic Conditions,special_needs.female.u55,tier_2a,2122
sn.f.ch_high,filter,"(((custody_class.str.contains('SN', na=False) | custody_class.isin(['SN- HOUSE IN SUB', 'SN (IPOD SUBDAY)', 'SN J-POD']))) & (sex == 'F')) & (chronic_status == 'HIGH')",Special Needs Female Highly Severe Chronic Health Condition,Special Needs,Female,All Ages,Highly Severe Chronic Health Condition,special_needs.female.chronic_high,tier_2b,2123
sn.f.ch_low_mod_no,filter,"(((custody_class.str.contains('SN', na=False) | custody_class.isin(['SN- HOUSE IN SUB', 'SN (IPOD SUBDAY)', 'SN J-POD']))) & (sex == 'F')) & (chronic_status .isin(['LOW','MODERATE','NO CHRONIC CONDITION']))",Special Needs Female Low/Moderate/No Chronic Health Condition,Special Needs,Female,All Ages,Low/Moderate/No Chronic Health Condition,special_needs.female.chronic_low_moderate_no_chronic,tier_2b,2124
det.f,filter,((housing_detox_status == 'DETOX')) & (sex == 'F'),Detox Female,Detox,Female,All Ages,All Chronic Conditions,detox.female,tier_2,2140
det.f.55plus,filter,(((housing_detox_status == 'DETOX')) & (sex == 'F')) & (age_bracket == 'adult 55+'),Detox Female 55+,Detox,Female,55+,All Chronic Conditions,detox.female.55plus,tier_2a,2141
det.f.u55,filter,(((housing_detox_status == 'DETOX')) & (sex == 'F')) & (age_bracket == 'adult under 55'),Detox Female Under 55,Detox,Female,Under 55,All Chronic Conditions,detox.female.u55,tier_2a,2142
det.f.ch_high,filter,(((housing_detox_status == 'DETOX')) & (sex == 'F')) & (chronic_status == 'HIGH'),Detox Female Highly Severe Chronic Health Condition,Detox,Female,All Ages,Highly Severe Chronic Health Condition,detox.female.chronic_high,tier_2b,2143
det.f.ch_low_mod_no,filter,"(((housing_detox_status == 'DETOX')) & (sex == 'F')) & (chronic_status .isin(['LOW','MODERATE','NO CHRONIC CONDITION']))",Detox Female Low/Moderate/No Chronic Health Condition,Detox,Female,All Ages,Low/Moderate/No Chronic Health Condition,detox.female.chronic_low_moderate_no_chronic,tier_2b,2144
all,filter,(BookNumber.notna()),All Detainees,All Detainees,All Genders,All Ages,All Chronic Conditions,all,tier_1,3010
all.55plus,filter,(True) & (age_bracket == 'adult 55+'),All Detainees 55+,All Detainees,All Genders,55+,All Chronic Conditions,all.55plus,tier_1a,3011
all.u55,filter,(True) & (age_bracket == 'adult under 55'),All Detainees Under 55,All Detainees,All Genders,Under 55,All Chronic Conditions,all.u55,tier_1a,3012
all.ch_high,filter,(True) & (chronic_status == 'HIGH'),All Detainees Highly Severe Chronic Health Condition,All Detainees,All Genders,All Ages,Highly Severe Chronic Health Condition,all.chronic_high,tier_1b,3013
all.ch_low_mod_no,filter,"(True) & (chronic_status .isin(['LOW','MODERATE','NO CHRONIC CONDITION']))",All Detainees Low/Moderate/No Chronic Health Condition,All Detainees,All Genders,All Ages,Low/Moderate/No Chronic Health Condition,all.chronic_low_moderate_no_chronic,tier_1b,3014
ad_nc,filter,(custody_class.isna() | (custody_class.str.strip() == '')),Admitted Not Classified,Admitted Not Classified,All Genders,All Ages,All Chronic Conditions,admitted_not_classified,tier_1,3020
ad_nc.55plus,filter,((custody_class.isna() | (custody_class.str.strip() == ''))) & (age_bracket == 'adult 55+'),Admitted Not Classified 55+,Admitted Not Classified,All Genders,55+,All Chronic Conditions,admitted_not_classified.55plus,tier_1a,3021
min,filter,"(custody_class.isin(['MIN', 'MINIMUM', 'MIIN']))",Minimum Custody,Minimum Custody,All Genders,All Ages,All Chronic Conditions,minimum,tier_1,3030
min.55plus,filter,"((custody_class.isin(['MIN', 'MINIMUM', 'MIIN']))) & (age_bracket == 'adult 55+')",Minimum Custody 55+,Minimum Custody,All Genders,55+,All Chronic Conditions,minimum.55plus,tier_1a,3031
min.u55,filter,"((custody_class.isin(['MIN', 'MINIMUM', 'MIIN']))) & (age_bracket == 'adult under 55')",Minimum Custody Under 55,Minimum Custody,All Genders,Under 55,All Chronic Conditions,minimum.u55,tier_1a,3032
min.ch_high,filter,"((custody_class.isin(['MIN', 'MINIMUM', 'MIIN']))) & (chronic_status == 'HIGH')",Minimum Custody Highly Severe Chronic Health Condition,Minimum Custody,All Genders,All Ages,Highly Severe Chronic Health Condition,minimum.chronic_high,tier_1b,3033
min.ch_low_mod_no,filter,"((custody_class.isin(['MIN', 'MINIMUM', 'MIIN']))) & (chronic_status .isin(['LOW','MODERATE','NO CHRONIC CONDITION']))",Minimum Custody Low/Moderate/No Chronic Health Condition,Minimum Custody,All Genders,All Ages,Low/Moderate/No Chronic Health Condition,minimum.chronic_low_moderate_no_chronic,tier_1b,3034
med,filter,(custody_class.isin(['MED'])),Medium Custody,Medium Custody,All Genders,All Ages,All Chronic Conditions,medium,tier_1,3040
med.55plus,filter,((custody_class.isin(['MED']))) & (age_bracket == 'adult 55+'),Medium Custody 55+,Medium Custody,All Genders,55+,All Chronic Conditions,medium.55plus,tier_1a,3041
med.u55,filter,((custody_class.isin(['MED']))) & (age_bracket == 'adult under 55'),Medium Custody Under 55,Medium Custody,All Genders,Under 55,All Chronic Conditions,medium.u55,tier_1a,3042
med.ch_high,filter,((custody_class.isin(['MED']))) & (chronic_status == 'HIGH'),Medium Custody Highly Severe Chronic Health Condition,Medium Custody,All Genders,All Ages,Highly Severe Chronic Health Condition,medium.chronic_high,tier_1b,3043
med.ch_low_mod_no,filter,"((custody_class.isin(['MED']))) & (chronic_status .isin(['LOW','MODERATE','NO CHRONIC CONDITION']))",Medium Custody Low/Moderate/No Chronic Health Condition,Medium Custody,All Genders,All Ages,Low/Moderate/No Chronic Health Condition,medium.chronic_low_moderate_no_chronic,tier_1b,3044
clos,filter,"(custody_class.isin(['CLOS', 'CLO']))",Close Custody,Close Custody,All Genders,All Ages,All Chronic Conditions,close,tier_1,3050
clos.55plus,filter,"((custody_class.isin(['CLOS', 'CLO']))) & (age_bracket == 'adult 55+')",Close Custody 55+,Close Custody,All Genders,55+,All Chronic Conditions,close.55plus,tier_1a,3051
clos.u55,filter,"((custody_class.isin(['CLOS', 'CLO']))) & (age_bracket == 'adult under 55')",Close Custody Under 55,Close Custody,All Genders,Under 55,All Chronic Conditions,close.u55,tier_1a,3052
clos.ch_high,filter,"((custody_class.isin(['CLOS', 'CLO']))) & (chronic_status == 'HIGH')",Close Custody Highly Severe Chronic Health Condition,Close Custody,All Genders,All Ages,Highly Severe Chronic Health Condition,close.chronic_high,tier_1b,3053
clos.ch_low_mod_no,filter,"((custody_class.isin(['CLOS', 'CLO']))) & (chronic_status .isin(['LOW','MODERATE','NO CHRONIC CONDITION']))",Close Custody Low/Moderate/No Chronic Health Condition,Close Custody,All Genders,All Ages,Low/Moderate/No Chronic Health Condition,close.chronic_low_moderate_no_chronic,tier_1b,3054
max,filter,(custody_class.isin(['MAX'])),Maximum Custody,Maximum Custody,All Genders,All Ages,All Chronic Conditions,maximum,tier_1,3060
max.55plus,filter,((custody_class.isin(['MAX']))) & (age_bracket == 'adult 55+'),Maximum Custody 55+,Maximum Custody,All Genders,55+,All Chronic Conditions,maximum.55plus,tier_1a,3061
max.u55,filter,((custody_class.isin(['MAX']))) & (age_bracket == 'adult under 55'),Maximum Custody Under 55,Maximum Custody,All Genders,Under 55,All Chronic Conditions,maximum.u55,tier_1a,3062
max.ch_high,filter,((custody_class.isin(['MAX']))) & (chronic_status == 'HIGH'),Maximum Custody Highly Severe Chronic Health Condition,Maximum Custody,All Genders,All Ages,Highly Severe Chronic Health Condition,maximum.chronic_high,tier_1b,3063
max.ch_low_mod_no,filter,"((custody_class.isin(['MAX']))) & (chronic_status .isin(['LOW','MODERATE','NO CHRONIC CONDITION']))",Maximum Custody Low/Moderate/No Chronic Health Condition,Maximum Custody,All Genders,All Ages,Low/Moderate/No Chronic Health Condition,maximum.chronic_low_moderate_no_chronic,tier_1b,3064
ks,filter,"custody_class.isin(['AS/KS', 'SN/KS', 'SN/ KS', 'PC/KS', 'AK/KS', 'SK/KS', 'G2 SN/KS', 'S3 AS/KS', 'S3- AS/KS'])",Keep Separate,Keep Separate,All Genders,All Ages,All Chronic Conditions,ks,tier_1,3070
ks.55plus,filter,"(custody_class.isin(['AS/KS', 'SN/KS', 'SN/ KS', 'PC/KS', 'AK/KS', 'SK/KS', 'G2 SN/KS', 'S3 AS/KS', 'S3- AS/KS'])) & (age_bracket == 'adult 55+')",Keep Separate 55+,Keep Separate,All Genders,55+,All Chronic Conditions,ks.55plus,tier_1a,3071
ks.u55,filter,"(custody_class.isin(['AS/KS', 'SN/KS', 'SN/ KS', 'PC/KS', 'AK/KS', 'SK/KS', 'G2 SN/KS', 'S3 AS/KS', 'S3- AS/KS'])) & (age_bracket == 'adult under 55')",Keep Separate Under 55,Keep Separate,All Genders,Under 55,All Chronic Conditions,ks.u55,tier_1a,3072
ks.ch_high,filter,"(custody_class.isin(['AS/KS', 'SN/KS', 'SN/ KS', 'PC/KS', 'AK/KS', 'SK/KS', 'G2 SN/KS', 'S3 AS/KS', 'S3- AS/KS'])) & (chronic_status == 'HIGH')",Keep Separate Highly Severe Chronic Health Condition,Keep Separate,All Genders,All Ages,Highly Severe Chronic Health Condition,ks.chronic_high,tier_1b,3073
ks.ch_low_mod_no,filter,"(custody_class.isin(['AS/KS', 'SN/KS', 'SN/ KS', 'PC/KS', 'AK/KS', 'SK/KS', 'G2 SN/KS', 'S3 AS/KS', 'S3- AS/KS'])) & (chronic_status .isin(['LOW','MODERATE','NO CHRONIC CONDITION']))",Keep Separate Low/Moderate/No Chronic Health Condition,Keep Separate,All Genders,All Ages,Low/Moderate/No Chronic Health Condition,ks.chronic_low_moderate_no_chronic,tier_1b,3074
pc,filter,"(custody_class.str.contains('PC', na=False) | custody_class.isin(['PEND PC']))",Protective Custody,Protective Custody,All Genders,All Ages,All Chronic Conditions,pc,tier_1,3080
pc.55plus,filter,"((custody_class.str.contains('PC', na=False) | custody_class.isin(['PEND PC']))) & (age_bracket == 'adult 55+')",Protective Custody 55+,Protective Custody,All Genders,55+,All Chronic Conditions,pc.55plus,tier_1a,3081
pc.u55,filter,"((custody_class.str.contains('PC', na=False) | custody_class.isin(['PEND PC']))) & (age_bracket == 'adult under 55')",Protective Custody Under 55,Protective Custody,All Genders,Under 55,All Chronic Conditions,pc.u55,tier_1a,3082
pc.ch_high,filter,"((custody_class.str.contains('PC', na=False) | custody_class.isin(['PEND PC']))) & (chronic_status == 'HIGH')",Protective Custody Highly Severe Chronic Health Condition,Protective Custody,All Genders,All Ages,Highly Severe Chronic Health Condition,pc.chronic_high,tier_1b,3083
pc.ch_low_mod_no,filter,"((custody_class.str.contains('PC', na=False) | custody_class.isin(['PEND PC']))) & (chronic_status .isin(['LOW','MODERATE','NO CHRONIC CONDITION']))",Protective Custody Low/Moderate/No Chronic Health Condition,Protective Custody,All Genders,All Ages,Low/Moderate/No Chronic Health Condition,pc.chronic_low_moderate_no_chronic,tier_1b,3084
as,filter,"((custody_class.str.contains('AS', na=False)) | custody_class.isin(['AS/KS', 'S3 AS/KS', 'S3- AS/KS'])) & (housing != 'S2')",Administrative Segregation,Administrative Segregation,All Genders,All Ages,All Chronic Conditions,as,tier_1,3090
as.55plus,filter,"(((custody_class.str.contains('AS', na=False)) | custody_class.isin(['AS/KS', 'S3 AS/KS', 'S3- AS/KS'])) & (housing != 'S2')) & (age_bracket == 'adult 55+')",Administrative Segregation 55+,Administrative Segregation,All Genders,55+,All Chronic Conditions,as.55plus,tier_1a,3091
as.u55,filter,"(((custody_class.str.contains('AS', na=False)) | custody_class.isin(['AS/KS', 'S3 AS/KS', 'S3- AS/KS'])) & (housing != 'S2')) & (age_bracket == 'adult under 55')",Administrative Segregation Under 55,Administrative Segregation,All Genders,Under 55,All Chronic Conditions,as.u55,tier_1a,3092
as.ch_high,filter,"(((custody_class.str.contains('AS', na=False)) | custody_class.isin(['AS/KS', 'S3 AS/KS', 'S3- AS/KS'])) & (housing != 'S2')) & (chronic_status == 'HIGH')",Administrative Segregation Highly Severe Chronic Health Condition,Administrative Segregation,All Genders,All Ages,Highly Severe Chronic Health Condition,as.chronic_high,tier_1b,3093
as.ch_low_mod_no,filter,"(((custody_class.str.contains('AS', na=False)) | custody_class.isin(['AS/KS', 'S3 AS/KS', 'S3- AS/KS'])) & (housing != 'S2')) & (chronic_status .isin(['LOW','MODERATE','NO CHRONIC CONDITION']))",Administrative Segregation Low/Moderate/No Chronic Health Condition,Administrative Segregation,All Genders,All Ages,Low/Moderate/No Chronic Health Condition,as.chronic_low_moderate_no_chronic,tier_1b,3094
disc,filter,"(housing == 'S2') & ~(custody_class.str.contains('AS', na=False) | custody_class.isin(['AS/KS','S3 AS/KS','S3- AS/KS']))",Disciplinary,Disciplinary,All Genders,All Ages,All Chronic Conditions,disciplinary,tier_1,3100
disc.55plus,filter,"((housing == 'S2') & ~(custody_class.str.contains('AS', na=False) | custody_class.isin(['AS/KS','S3 AS/KS','S3- AS/KS']))) & (age_bracket == 'adult 55+')",Disciplinary 55+,Disciplinary,All Genders,55+,All Chronic Conditions,disciplinary.55plus,tier_1a,3101
disc.u55,filter,"((housing == 'S2') & ~(custody_class.str.contains('AS', na=False) | custody_class.isin(['AS/KS','S3 AS/KS','S3- AS/KS']))) & (age_bracket == 'adult under 55')",Disciplinary Under 55,Disciplinary,All Genders,Under 55,All Chronic Conditions,disciplinary.u55,tier_1a,3102
disc.ch_high,filter,"((housing == 'S2') & ~(custody_class.str.contains('AS', na=False) | custody_class.isin(['AS/KS','S3 AS/KS','S3- AS/KS']))) & (chronic_status == 'HIGH')",Disciplinary Highly Severe Chronic Health Condition,Disciplinary,All Genders,All Ages,Highly Severe Chronic Health Condition,disciplinary.chronic_high,tier_1b,3103
disc.ch_low_mod_no,filter,"((housing == 'S2') & ~(custody_class.str.contains('AS', na=False) | custody_class.isin(['AS/KS','S3 AS/KS','S3- AS/KS']))) & (chronic_status .isin(['LOW','MODERATE','NO CHRONIC CONDITION']))",Disciplinary Low/Moderate/No Chronic Health Condition,Disciplinary,All Genders,All Ages,Low/Moderate/No Chronic Health Condition,disciplinary.chronic_low_moderate_no_chronic,tier_1b,3104
cs,filter,"(custody_class.str.contains('CS', na=False) | custody_class.isin(['S3-CS', 'S3 (CS)', 'S3 - CS', 'S3-CONTROL SEG', 'S3-CONTROL SEGRE', 'S3 CONT. SEG.', 'CONTROL SEGREGAT', 'G2-CS', 'I POD SUBDAY CS']))",Control Segregation,Control Segregation,All Genders,All Ages,All Chronic Conditions,cs,tier_1,3110
cs.55plus,filter,"((custody_class.str.contains('CS', na=False) | custody_class.isin(['S3-CS', 'S3 (CS)', 'S3 - CS', 'S3-CONTROL SEG', 'S3-CONTROL SEGRE', 'S3 CONT. SEG.', 'CONTROL SEGREGAT', 'G2-CS', 'I POD SUBDAY CS']))) & (age_bracket == 'adult 55+')",Control Segregation 55+,Control Segregation,All Genders,55+,All Chronic Conditions,cs.55plus,tier_1a,3111
cs.u55,filter,"((custody_class.str.contains('CS', na=False) | custody_class.isin(['S3-CS', 'S3 (CS)', 'S3 - CS', 'S3-CONTROL SEG', 'S3-CONTROL SEGRE', 'S3 CONT. SEG.', 'CONTROL SEGREGAT', 'G2-CS', 'I POD SUBDAY CS']))) & (age_bracket == 'adult under 55')",Control Segregation Under 55,Control Segregation,All Genders,Under 55,All Chronic Conditions,cs.u55,tier_1a,3112
cs.ch_high,filter,"((custody_class.str.contains('CS', na=False) | custody_class.isin(['S3-CS', 'S3 (CS)', 'S3 - CS', 'S3-CONTROL SEG', 'S3-CONTROL SEGRE', 'S3 CONT. SEG.', 'CONTROL SEGREGAT', 'G2-CS', 'I POD SUBDAY CS']))) & (chronic_status == 'HIGH')",Control Segregation Highly Severe Chronic Health Condition,Control Segregation,All Genders,All Ages,Highly Severe Chronic Health Condition,cs.chronic_high,tier_1b,3113
cs.ch_low_mod_no,filter,"((custody_class.str.contains('CS', na=False) | custody_class.isin(['S3-CS', 'S3 (CS)', 'S3 - CS', 'S3-CONTROL SEG', 'S3-CONTROL SEGRE', 'S3 CONT. SEG.', 'CONTROL SEGREGAT', 'G2-CS', 'I POD SUBDAY CS']))) & (chronic_status .isin(['LOW','MODERATE','NO CHRONIC CONDITION']))",Control Segregation Low/Moderate/No Chronic Health Condition,Control Segregation,All Genders,All Ages,Low/Moderate/No Chronic Health Condition,cs.chronic_low_moderate_no_chronic,tier_1b,3114
sn,filter,"(custody_class.str.contains('SN', na=False) | custody_class.isin(['SN- HOUSE IN SUB', 'SN (IPOD SUBDAY)', 'SN J-POD']))",Special Needs,Special Needs,All Genders,All Ages,All Chronic Conditions,special_needs,tier_1,3120
sn.55plus,filter,"((custody_class.str.contains('SN', na=False) | custody_class.isin(['SN- HOUSE IN SUB', 'SN (IPOD SUBDAY)', 'SN J-POD']))) & (age_bracket == 'adult 55+')",Special Needs 55+,Special Needs,All Genders,55+,All Chronic Conditions,special_needs.55plus,tier_1a,3121
sn.u55,filter,"((custody_class.str.contains('SN', na=False) | custody_class.isin(['SN- HOUSE IN SUB', 'SN (IPOD SUBDAY)', 'SN J-POD']))) & (age_bracket == 'adult under 55')",Special Needs Under 55,Special Needs,All Genders,Under 55,All Chronic Conditions,special_needs.u55,tier_1a,3122
sn.ch_high,filter,"((custody_class.str.contains('SN', na=False) | custody_class.isin(['SN- HOUSE IN SUB', 'SN (IPOD SUBDAY)', 'SN J-POD']))) & (chronic_status == 'HIGH')",Special Needs Highly Severe Chronic Health Condition,Special Needs,All Genders,All Ages,Highly Severe Chronic Health Condition,special_needs.chronic_high,tier_1b,3123
sn.ch_low_mod_no,filter,"((custody_class.str.contains('SN', na=False) | custody_class.isin(['SN- HOUSE IN SUB', 'SN (IPOD SUBDAY)', 'SN J-POD']))) & (chronic_status .isin(['LOW','MODERATE','NO CHRONIC CONDITION']))",Special Needs Low/Moderate/No Chronic Health Condition,Special Needs,All Genders,All Ages,Low/Moderate/No Chronic Health Condition,special_needs.chronic_low_moderate_no_chronic,tier_1b,3124
mx_all,filter,"(housing.isin(['INFM','BRE','BRW','BSDC','CTRP','NHI','STE']))",Medical Care All,Medical Care All,All Genders,All Ages,All Chronic Conditions,medical_all,tier_1,3130
mx_all.55plus,filter,"((housing.isin(['INFM','BRE','BRW','BSDC','CTRP','NHI','STE']))) & (age_bracket == 'adult 55+')",Medical Care All 55+,Medical Care All,All Genders,55+,All Chronic Conditions,medical_all.55plus,tier_1a,3131
mx_all.u55,filter,"((housing.isin(['INFM','BRE','BRW','BSDC','CTRP','NHI','STE']))) & (age_bracket == 'adult under 55')",Medical Care All 55+,Medical Care All,All Genders,55+,All Chronic Conditions,medical_all.55plus,tier_1a,3132
mx_all.ch_high,filter,"((housing.isin(['INFM','BRE','BRW','BSDC','CTRP','NHI','STE']))) & (chronic_status == 'HIGH')",Medical Care All Highly Severe Chronic Health Condition,Medical Care All,All Genders,All Ages,Highly Severe Chronic Health Condition,medical_all.chronic_high,tier_1b,3133
mx_all.ch_low_mod_no,filter,"((housing.isin(['INFM','BRE','BRW','BSDC','CTRP','NHI','STE']))) & (chronic_status .isin(['LOW','MODERATE','NO CHRONIC CONDITION']))",Medical Care All Low/Moderate/No Chronic Health Condition,Medical Care All,All Genders,All Ages,Low/Moderate/No Chronic Health Condition,medical_all.chronic_low_moderate_no_chronic,tier_1b,3134
det,filter,(housing_detox_status == 'DETOX'),Detox,Detox,All Genders,All Ages,All Chronic Conditions,detox,tier_1,3140
det.55plus,filter,((housing_detox_status == 'DETOX')) & (age_bracket == 'adult 55+'),Detox 55+,Detox,All Genders,55+,All Chronic Conditions,detox.55plus,tier_1a,3141
det.u55,filter,((housing_detox_status == 'DETOX')) & (age_bracket == 'adult under 55'),Detox Under 55,Detox,All Genders,Under 55,All Chronic Conditions,detox.u55,tier_1a,3142
det.ch_high,filter,((housing_detox_status == 'DETOX')) & (chronic_status == 'HIGH'),Detox Highly Severe Chronic Health Condition,Detox,All Genders,All Ages,Highly Severe Chronic Health Condition,detox.chronic_high,tier_1b,3143
det.ch_low_mod_no,filter,"((housing_detox_status == 'DETOX')) & (chronic_status .isin(['LOW','MODERATE','NO CHRONIC CONDITION']))",Detox Low/Moderate/No Chronic Health Condition,Detox,All Genders,All Ages,Low/Moderate/No Chronic Health Condition,detox.chronic_low_moderate_no_chronic,tier_1b,3144
ad_c.f,filter,((custody_class.notna() & (custody_class.str.strip() != ''))) & (sex == 'F'),Admitted Classified Female,Admitted Classified,Female,All Ages,All Chronic Conditions,admitted_classified.female,tier_2,8010
ad_c.m,filter,((custody_class.notna() & (custody_class.str.strip() != ''))) & (sex == 'M'),Admitted Classified Male,Admitted Classified,Male,All Ages,All Chronic Conditions,admitted_classified.male,tier_2,8010
ad_c.f.55plus,filter,(((custody_class.notna() & (custody_class.str.strip() != ''))) & (sex == 'F')) & (age_bracket == 'adult 55+'),Admitted Classified Female 55+,Admitted Classified,Female,55+,All Chronic Conditions,admitted_classified.female.55plus,tier_2a,8011
ad_c.m.55plus,filter,(((custody_class.notna() & (custody_class.str.strip() != ''))) & (sex == 'M')) & (age_bracket == 'adult 55+'),Admitted Classified Male 55+,Admitted Classified,Male,55+,All Chronic Conditions,admitted_classified.male.55plus,tier_2a,8011
ad_c.f.u55,filter,(((custody_class.notna() & (custody_class.str.strip() != ''))) & (sex == 'F')) & (age_bracket == 'adult under 55'),Admitted Classified Female Under 55,Admitted Classified,Female,Under 55,All Chronic Conditions,admitted_classified.female.u55,tier_2a,8012
ad_c.m.u55,filter,(((custody_class.notna() & (custody_class.str.strip() != ''))) & (sex == 'M')) & (age_bracket == 'adult under 55'),Admitted Classified Male Under 55,Admitted Classified,Male,Under 55,All Chronic Conditions,admitted_classified.male.u55,tier_2a,8012
ad_c.f.ch_high,filter,(((custody_class.notna() & (custody_class.str.strip() != ''))) & (sex == 'F')) & (chronic_status == 'HIGH'),Admitted Classified Female Highly Severe Chronic Health Condition,Admitted Classified,Female,All Ages,Highly Severe Chronic Health Condition,admitted_classified.female.chronic_high,tier_2b,8013
ad_c.m.ch_high,filter,(((custody_class.notna() & (custody_class.str.strip() != ''))) & (sex == 'M')) & (chronic_status == 'HIGH'),Admitted Classified Male Highly Severe Chronic Health Condition,Admitted Classified,Male,All Ages,Highly Severe Chronic Health Condition,admitted_classified.male.chronic_high,tier_2b,8013
ad_c.f.ch_low_mod_no,filter,"(((custody_class.notna() & (custody_class.str.strip() != ''))) & (sex == 'F')) & (chronic_status .isin(['LOW','MODERATE','NO CHRONIC CONDITION']))",Admitted Classified Female Low/Moderate/No Chronic Health Condition,Admitted Classified,Female,All Ages,Low/Moderate/No Chronic Health Condition,admitted_classified.female.chronic_low_moderate_no_chronic,tier_2b,8014
ad_c.m.ch_low_mod_no,filter,"(((custody_class.notna() & (custody_class.str.strip() != ''))) & (sex == 'M')) & (chronic_status .isin(['LOW','MODERATE','NO CHRONIC CONDITION']))",Admitted Classified Male Low/Moderate/No Chronic Health Condition,Admitted Classified,Male,All Ages,Low/Moderate/No Chronic Health Condition,admitted_classified.male.chronic_low_moderate_no_chronic,tier_2b,8014
mx_off.f,filter,"((housing.isin(['BRE','BRW','BSDC','CTRP','NHI','STE']))) & (sex == 'F')",Medical Care Off Campus Female,Medical Care Off Campus,Female,All Ages,All Chronic Conditions,medical_off_campus.female,tier_2,8020
mx_off.m,filter,"((housing.isin(['BRE','BRW','BSDC','CTRP','NHI','STE']))) & (sex == 'M')",Medical Care Off Campus Male,Medical Care Off Campus,Male,All Ages,All Chronic Conditions,medical_off_campus.male,tier_2,8020
mx_off.f.55plus,filter,"(((housing.isin(['BRE','BRW','BSDC','CTRP','NHI','STE']))) & (sex == 'F')) & (age_bracket == 'adult 55+')",Medical Care Off Campus Female 55+,Medical Care Off Campus,Female,55+,All Chronic Conditions,medical_off_campus.female.55plus,tier_2a,8021
mx_off.m.55plus,filter,"(((housing.isin(['BRE','BRW','BSDC','CTRP','NHI','STE']))) & (sex == 'M')) & (age_bracket == 'adult 55+')",Medical Care Off Campus Male 55+,Medical Care Off Campus,Male,55+,All Chronic Conditions,medical_off_campus.male.55plus,tier_2a,8021
mx_off.f.u55,filter,"(((housing.isin(['BRE','BRW','BSDC','CTRP','NHI','STE']))) & (sex == 'F')) & (age_bracket == 'adult under 55')",Medical Care Off Campus Female Under 55,Medical Care Off Campus,Female,Under 55,All Chronic Conditions,medical_off_campus.female.u55,tier_2a,8022
mx_off.m.u55,filter,"(((housing.isin(['BRE','BRW','BSDC','CTRP','NHI','STE']))) & (sex == 'M')) & (age_bracket == 'adult under 55')",Medical Care Off Campus Male Under 55,Medical Care Off Campus,Male,Under 55,All Chronic Conditions,medical_off_campus.male.u55,tier_2a,8022
mx_off.f.ch_high,filter,"(((housing.isin(['BRE','BRW','BSDC','CTRP','NHI','STE']))) & (sex == 'F')) & (chronic_status == 'HIGH')",Medical Care Off Campus Female Highly Severe Chronic Health Condition,Medical Care Off Campus,Female,All Ages,Highly Severe Chronic Health Condition,medical_off_campus.female.chronic_high,tier_2b,8023
mx_off.m.ch_high,filter,"(((housing.isin(['BRE','BRW','BSDC','CTRP','NHI','STE']))) & (sex == 'M')) & (chronic_status == 'HIGH')",Medical Care Off Campus Male Highly Severe Chronic Health Condition,Medical Care Off Campus,Male,All Ages,Highly Severe Chronic Health Condition,medical_off_campus.male.chronic_high,tier_2b,8023
mx_off.f.ch_low_mod_no,filter,"(((housing.isin(['BRE','BRW','BSDC','CTRP','NHI','STE']))) & (sex == 'F')) & (chronic_status .isin(['LOW','MODERATE','NO CHRONIC CONDITION']))",Medical Care Off Campus Female Low/Moderate/No Chronic Health Condition,Medical Care Off Campus,Female,All Ages,Low/Moderate/No Chronic Health Condition,medical_off_campus.female.chronic_low_moderate_no_chronic,tier_2b,8024
mx_off.m.ch_low_mod_no,filter,"(((housing.isin(['BRE','BRW','BSDC','CTRP','NHI','STE']))) & (sex == 'M')) & (chronic_status .isin(['LOW','MODERATE','NO CHRONIC CONDITION']))",Medical Care Off Campus Male Low/Moderate/No Chronic Health Condition,Medical Care Off Campus,Male,All Ages,Low/Moderate/No Chronic Health Condition,medical_off_campus.male.chronic_low_moderate_no_chronic,tier_2b,8024
mx_on.f,filter,((housing.isin(['INFM']))) & (sex == 'F'),Medical Care On Campus Female,Medical Care On Campus,Female,All Ages,All Chronic Conditions,medical_on_campus.female,tier_2,8030
mx_on.m,filter,((housing.isin(['INFM']))) & (sex == 'M'),Medical Care On Campus Male,Medical Care On Campus,Male,All Ages,All Chronic Conditions,medical_on_campus.male,tier_2,8030
mx_on.f.55plus,filter,(((housing.isin(['INFM']))) & (sex == 'F')) & (age_bracket == 'adult 55+'),Medical Care On Campus Female 55+,Medical Care On Campus,Female,55+,All Chronic Conditions,medical_on_campus.female.55plus,tier_2a,8031
mx_on.m.55plus,filter,(((housing.isin(['INFM']))) & (sex == 'M')) & (age_bracket == 'adult 55+'),Medical Care On Campus Male 55+,Medical Care On Campus,Male,55+,All Chronic Conditions,medical_on_campus.male.55plus,tier_2a,8031
mx_on.f.u55,filter,(((housing.isin(['INFM']))) & (sex == 'F')) & (age_bracket == 'adult under 55'),Medical Care On Campus Female Under 55,Medical Care On Campus,Female,Under 55,All Chronic Conditions,medical_on_campus.female.u55,tier_2a,8032
mx_on.m.u55,filter,(((housing.isin(['INFM']))) & (sex == 'M')) & (age_bracket == 'adult under 55'),Medical Care On Campus Male Under 55,Medical Care On Campus,Male,Under 55,All Chronic Conditions,medical_on_campus.male.u55,tier_2a,8032
mx_on.f.ch_high,filter,(((housing.isin(['INFM']))) & (sex == 'F')) & (chronic_status == 'HIGH'),Medical Care On Campus Female Highly Severe Chronic Health Condition,Medical Care On Campus,Female,All Ages,Highly Severe Chronic Health Condition,medical_on_campus.female.chronic_high,tier_2b,8033
mx_on.m.ch_high,filter,(((housing.isin(['INFM']))) & (sex == 'M')) & (chronic_status == 'HIGH'),Medical Care On Campus Male Highly Severe Chronic Health Condition,Medical Care On Campus,Male,All Ages,Highly Severe Chronic Health Condition,medical_on_campus.male.chronic_high,tier_2b,8033
mx_on.f.ch_low_mod_no,filter,"(((housing.isin(['INFM']))) & (sex == 'F')) & (chronic_status .isin(['LOW','MODERATE','NO CHRONIC CONDITION']))",Medical Care On Campus Female Low/Moderate/No Chronic Health Condition,Medical Care On Campus,Female,All Ages,Low/Moderate/No Chronic Health Condition,medical_on_campus.female.chronic_low_moderate_no_chronic,tier_2b,8034
mx_on.m.ch_low_mod_no,filter,"(((housing.isin(['INFM']))) & (sex == 'M')) & (chronic_status .isin(['LOW','MODERATE','NO CHRONIC CONDITION']))",Medical Care On Campus Male Low/Moderate/No Chronic Health Condition,Medical Care On Campus,Male,All Ages,Low/Moderate/No Chronic Health Condition,medical_on_campus.male.chronic_low_moderate_no_chronic,tier_2b,8034
mmc.f,filter,"((sex == 'F') & (custody_class.isin(['CLOS','CLO','MAX','MED'])))",Max / Medium / Close Custody Female,Max / Medium / Close Custody,Female,All Ages,All Chronic Conditions,max_med_clos.female,tier_2,8040
mmc.m,filter,"((sex == 'M') & (custody_class.isin(['CLOS','CLO','MAX','MED'])))",Max / Medium / Close Custody Male,Max / Medium / Close Custody,Male,All Ages,All Chronic Conditions,max_med_clos.male,tier_2,8040
mmc.f.55plus,filter,"((sex == 'F') & (custody_class.isin(['CLOS','CLO','MAX','MED']))) & (age_bracket == 'adult 55+')",Max / Medium / Close Custody Female 55+,Max / Medium / Close Custody,Female,55+,All Chronic Conditions,max_med_clos.female.55plus,tier_2a,8041
mmc.m.55plus,filter,"((sex == 'M') & (custody_class.isin(['CLOS','CLO','MAX','MED']))) & (age_bracket == 'adult 55+')",Max / Medium / Close Custody Male 55+,Max / Medium / Close Custody,Male,55+,All Chronic Conditions,max_med_clos.male.55plus,tier_2a,8041
mmc.f.u55,filter,"((sex == 'F') & (custody_class.isin(['CLOS','CLO','MAX','MED']))) & (age_bracket == 'adult under 55')",Max / Medium / Close Custody Female Under 55,Max / Medium / Close Custody,Female,Under 55,All Chronic Conditions,max_med_clos.female.u55,tier_2a,8042
mmc.m.u55,filter,"((sex == 'M') & (custody_class.isin(['CLOS','CLO','MAX','MED']))) & (age_bracket == 'adult under 55')",Max / Medium / Close Custody Male Under 55,Max / Medium / Close Custody,Male,Under 55,All Chronic Conditions,max_med_clos.male.u55,tier_2a,8042
mmc.f.ch_high,filter,"((sex == 'F') & (custody_class.isin(['CLOS','CLO','MAX','MED']))) & (chronic_status == 'HIGH')",Max / Medium / Close Custody Female Highly Severe Chronic Health Condition,Max / Medium / Close Custody,Female,All Ages,Highly Severe Chronic Health Condition,max_med_clos.female.chronic_high,tier_2b,8043
mmc.m.ch_high,filter,"((sex == 'M') & (custody_class.isin(['CLOS','CLO','MAX','MED']))) & (chronic_status == 'HIGH')",Max / Medium / Close Custody Male Highly Severe Chronic Health Condition,Max / Medium / Close Custody,Male,All Ages,Highly Severe Chronic Health Condition,max_med_clos.male.chronic_high,tier_2b,8043
mmc.f.ch_low_mod_no,filter,"((sex == 'F') & (custody_class.isin(['CLOS','CLO','MAX','MED']))) & (chronic_status.isin(['LOW','MODERATE','NO CHRONIC CONDITION']))",Max / Medium / Close Custody Female Low/Moderate/No Chronic Health Condition,Max / Medium / Close Custody,Female,All Ages,Low/Moderate/No Chronic Health Condition,max_med_clos.female.chronic_low_moderate_no_chronic,tier_2b,8044
mmc.m.ch_low_mod_no,filter,"((sex == 'M') & (custody_class.isin(['CLOS','CLO','MAX','MED']))) & (chronic_status.isin(['LOW','MODERATE','NO CHRONIC CONDITION']))",Max / Medium / Close Custody Male Low/Moderate/No Chronic Health Condition,Max / Medium / Close Custody,Male,All Ages,Low/Moderate/No Chronic Health Condition,max_med_clos.male.chronic_low_moderate_no_chronic,tier_2b,8044
ad_c,filter,(custody_class.notna() & (custody_class.str.strip() != '')),Admitted Classified,Admitted Classified,All Genders,All Ages,All Chronic Conditions,admitted_classified,tier_1,9010
ad_c.55plus,filter,((custody_class.notna() & (custody_class.str.strip() != ''))) & (age_bracket == 'adult 55+'),Admitted Classified 55+,Admitted Classified,All Genders,55+,All Chronic Conditions,admitted_classified.55plus,tier_1a,9011
ad_c.u55,filter,((custody_class.notna() & (custody_class.str.strip() != ''))) & (age_bracket == 'adult under 55'),Admitted Classified Under 55,Admitted Classified,All Genders,Under 55,All Chronic Conditions,admitted_classified.u55,tier_1a,9012
ad_c.ch_high,filter,((custody_class.notna() & (custody_class.str.strip() != ''))) & (chronic_status == 'HIGH'),Admitted Classified Highly Severe Chronic Health Condition,Admitted Classified,All Genders,All Ages,Highly Severe Chronic Health Condition,admitted_classified.chronic_high,tier_1b,9013
ad_c.ch_low_mod_no,filter,"((custody_class.notna() & (custody_class.str.strip() != ''))) & (chronic_status .isin(['LOW','MODERATE','NO CHRONIC CONDITION']))",Admitted Classified Low/Moderate/No Chronic Health Condition,Admitted Classified,All Genders,All Ages,Low/Moderate/No Chronic Health Condition,admitted_classified.chronic_low_moderate_no_chronic,tier_1b,9014
m,filter,(sex == 'M'),Male Detainees,Male Detainees,All Genders,All Ages,All Chronic Conditions,male,tier_2,9020
m.55plus,filter,((sex == 'M')) & (age_bracket == 'adult 55+'),Male Detainees 55+,Male Detainees,All Genders,55+,All Chronic Conditions,male.55plus,tier_1a,9021
m.u55,filter,((sex == 'M')) & (age_bracket == 'adult under 55'),Male Detainees Under 55,Male Detainees,All Genders,Under 55,All Chronic Conditions,male.u55,tier_1a,9022
m.ch_high,filter,((sex == 'M')) & (chronic_status == 'HIGH'),Male Detainees Highly Severe Chronic Health Condition,Male Detainees,All Genders,All Ages,Highly Severe Chronic Health Condition,male.chronic_high,tier_1b,9023
m.ch_low_mod_no,filter,"((sex == 'M')) & (chronic_status .isin(['LOW','MODERATE','NO CHRONIC CONDITION']))",Male Detainees Low/Moderate/No Chronic Health Condition,Male Detainees,All Genders,All Ages,Low/Moderate/No Chronic Health Condition,male.chronic_low_moderate_no_chronic,tier_1b,9024
f,filter,(sex == 'F'),Female Detainees,Female Detainees,All Genders,All Ages,All Chronic Conditions,female,tier_2,9030
f.55plus,filter,((sex == 'F')) & (age_bracket == 'adult 55+'),Female Detainees 55+,Female Detainees,All Genders,55+,All Chronic Conditions,female.55plus,tier_1a,9031
f.u55,filter,((sex == 'F')) & (age_bracket == 'adult under 55'),Female Detainees Under 55,Female Detainees,All Genders,Under 55,All Chronic Conditions,female.u55,tier_1a,9032
f.ch_high,filter,((sex == 'F')) & (chronic_status == 'HIGH'),Female Detainees Highly Severe Chronic Health Condition,Female Detainees,All Genders,All Ages,Highly Severe Chronic Health Condition,female.chronic_high,tier_1b,9033
f.ch_low_mod_no,filter,"((sex == 'F')) & (chronic_status .isin(['LOW','MODERATE','NO CHRONIC CONDITION']))",Female Detainees Low/Moderate/No Chronic Health Condition,Female Detainees,All Genders,All Ages,Low/Moderate/No Chronic Health Condition,female.chronic_low_moderate_no_chronic,tier_1b,9034
mx_off,filter,"(housing.isin(['BRE','BRW','BSDC','CTRP','NHI','STE']))",Medical Care Off Campus,Medical Care Off Campus,All Genders,All Ages,All Chronic Conditions,medical_off_campus,tier_1,9040
mx_off.55plus,filter,"((housing.isin(['BRE','BRW','BSDC','CTRP','NHI','STE']))) & (age_bracket == 'adult 55+')",Medical Care Off Campus 55+,Medical Care Off Campus,All Genders,55+,All Chronic Conditions,medical_off_campus.55plus,tier_1a,9041
mx_off.u55,filter,"((housing.isin(['BRE','BRW','BSDC','CTRP','NHI','STE']))) & (age_bracket == 'adult under 55')",Medical Care Off Campus Under 55,Medical Care Off Campus,All Genders,Under 55,All Chronic Conditions,medical_off_campus.u55,tier_1a,9042
mx_off.ch_high,filter,"((housing.isin(['BRE','BRW','BSDC','CTRP','NHI','STE']))) & (chronic_status == 'HIGH')",Medical Care Off Campus Highly Severe Chronic Health Condition,Medical Care Off Campus,All Genders,All Ages,Highly Severe Chronic Health Condition,medical_off_campus.chronic_high,tier_1b,9043
mx_off.ch_low_mod_no,filter,"((housing.isin(['BRE','BRW','BSDC','CTRP','NHI','STE']))) & (chronic_status .isin(['LOW','MODERATE','NO CHRONIC CONDITION']))",Medical Care Off Campus Low/Moderate/No Chronic Health Condition,Medical Care Off Campus,All Genders,All Ages,Low/Moderate/No Chronic Health Condition,medical_off_campus.chronic_low_moderate_no_chronic,tier_1b,9044
mx_on,filter,(housing.isin(['INFM'])),Medical Care On Campus,Medical Care On Campus,All Genders,All Ages,All Chronic Conditions,medical_on_campus,tier_1,9050
mx_on.55plus,filter,((housing.isin(['INFM']))) & (age_bracket == 'adult 55+'),Medical Care On Campus 55+,Medical Care On Campus,All Genders,55+,All Chronic Conditions,medical_on_campus.55plus,tier_1a,9051
mx_on.u55,filter,((housing.isin(['INFM']))) & (age_bracket == 'adult under 55'),Medical Care On Campus Under 55,Medical Care On Campus,All Genders,Under 55,All Chronic Conditions,medical_on_campus.u55,tier_1a,9052
mx_on.ch_high,filter,((housing.isin(['INFM']))) & (chronic_status == 'HIGH'),Medical Care On Campus Highly Severe Chronic Health Condition,Medical Care On Campus,All Genders,All Ages,Highly Severe Chronic Health Condition,medical_on_campus.chronic_high,tier_1b,9053
mx_on.ch_low_mod_no,filter,"((housing.isin(['INFM']))) & (chronic_status .isin(['LOW','MODERATE','NO CHRONIC CONDITION']))",Medical Care On Campus Low/Moderate/No Chronic Health Condition,Medical Care On Campus,All Genders,All Ages,Low/Moderate/No Chronic Health Condition,medical_on_campus.chronic_low_moderate_no_chronic,tier_1b,9054
mmc,filter,"(custody_class.isin(['CLOS','CLO','MAX','MED']))",Max / Medium / Close Custody,Max / Medium / Close Custody,All Genders,All Ages,All Chronic Conditions,max_med_clos,tier_1,9060
mmc.55plus,filter,"(custody_class.isin(['CLOS','CLO','MAX','MED'])) & (age_bracket == 'adult 55+')",Max / Medium / Close Custody 55+,Max / Medium / Close Custody,All Genders,55+,All Chronic Conditions,max_med_clos.55plus,tier_1a,9061
mmc.u55,filter,"(custody_class.isin(['CLOS','CLO','MAX','MED'])) & (age_bracket == 'adult under 55')",Max / Medium / Close Custody Under 55,Max / Medium / Close Custody,All Genders,Under 55,All Chronic Conditions,max_med_clos.u55,tier_1a,9062
mmc.ch_high,filter,"(custody_class.isin(['CLOS','CLO','MAX','MED'])) & (chronic_status == 'HIGH')",Max / Medium / Close Custody Highly Severe Chronic Health Condition,Max / Medium / Close Custody,All Genders,All Ages,Highly Severe Chronic Health Condition,max_med_clos.chronic_high,tier_1b,9063
mmc.ch_low_mod_no,filter,"(custody_class.isin(['CLOS','CLO','MAX','MED'])) & (chronic_status.isin(['LOW','MODERATE','NO CHRONIC CONDITION']))",Max / Medium / Close Custody Low/Moderate/No Chronic Health Condition,Max / Medium / Close Custody,All Genders,All Ages,Low/Moderate/No Chronic Health Condition,max_med_clos.chronic_low_moderate_no_chronic,tier_1b,9064
mx_all.m ,filter,"((housing.isin(['INFM','BRE','BRW','BSDC','CTRP','NHI','STE']))) & (sex == 'M')",All Medical Care Male,Medical Care All,Male,All Ages,All Chronic Conditions,medical_all.male,tier_2,1130
mx_all.m.55plus ,filter,"(((housing.isin(['INFM','BRE','BRW','BSDC','CTRP','NHI','STE']))) & (sex == 'M')) & (age_bracket == 'adult 55+')",All Medical Care Male 55+,Medical Care All,Male,55+,All Chronic Conditions,medical_all.male.55plus,tier_2a,1131
mx_all.m.u55 ,filter,"(((housing.isin(['INFM','BRE','BRW','BSDC','CTRP','NHI','STE']))) & (sex == 'M')) & (age_bracket == 'adult under 55')",All Medical Care Male Under 55,Medical Care All,Male,Under 55,All Chronic Conditions,medical_all.male.u55,tier_2a,1132
mx_all.m.ch_high ,filter,"(((housing.isin(['INFM','BRE','BRW','BSDC','CTRP','NHI','STE']))) & (sex == 'M')) & (chronic_status == 'HIGH')",All Medical Care Male Highly Severe Chronic Health Condition,Medical Care All,Male,All Ages,Highly Severe Chronic Health Condition,medical_all.male.chronic_high,tier_2b,1133
mx_all.m.ch_low_mod_no ,filter,"(((housing.isin(['INFM','BRE','BRW','BSDC','CTRP','NHI','STE']))) & (sex == 'M')) & (chronic_status.isin(['LOW','MODERATE','NO CHRONIC CONDITION']))",All Medical Care Male Low/Moderate/No Chronic Health Condition,Medical Care All,Male,All Ages,Low/Moderate/No Chronic Health Condition,medical_all.male.chronic_low_moderate_no_chronic,tier_2b,1134
mx_all.f ,filter,"((housing.isin(['INFM','BRE','BRW','BSDC','CTRP','NHI','STE']))) & (sex == 'F')",All Medical Care Female,Medical Care All,Female,All Ages,All Chronic Conditions,medical_all.female,tier_2,2130
mx_all.f.55plus ,filter,"(((housing.isin(['INFM','BRE','BRW','BSDC','CTRP','NHI','STE']))) & (sex == 'F')) & (age_bracket == 'adult 55+')",All Medical Care Female 55+,Medical Care All,Female,55+,All Chronic Conditions,medical_all.female.55plus,tier_2a,2131
mx_all.f.u55 ,filter,"(((housing.isin(['INFM','BRE','BRW','BSDC','CTRP','NHI','STE']))) & (sex == 'F')) & (age_bracket == 'adult under 55')",All Medical Care Female Under 55,Medical Care All,Female,Under 55,All Chronic Conditions,medical_all.female.u55,tier_2a,2132
mx_all.f.ch_high ,filter,"(((housing.isin(['INFM','BRE','BRW','BSDC','CTRP','NHI','STE']))) & (sex == 'F')) & (chronic_status == 'HIGH')",All Medical Care Female Highly Severe Chronic Health Condition,Medical Care All,Female,All Ages,Highly Severe Chronic Health Condition,medical_all.female.chronic_high,tier_2b,2133
mx_all.f.ch_low_mod_no ,filter,"(((housing.isin(['INFM','BRE','BRW','BSDC','CTRP','NHI','STE']))) & (sex == 'F')) & (chronic_status.isin(['LOW','MODERATE','NO CHRONIC CONDITION']))",All Medical Care Female Low/Moderate/No Chronic Health Condition,Medical Care All,Female,All Ages,Low/Moderate/No Chronic Health Condition,medical_all.female.chronic_low_moderate_no_chronic,tier_2b,2134
