name,param,value,description,cohort_type_1,cohort_type_2,cohort_type_3,cohort_type_4,cohort_type_5,cohort_file,cohort_tier,cohort_order_number
all.m,filter,(True) & (sex == 'M'),All Male Detainees,All Detainees,Male,All Ages,All Chronic Conditions,All Detainees,all.m,tier_2,100
ad_nc.m,filter,((custody_class.isna() | (custody_class.str.strip() == ''))) & (sex == 'M'),Admitted Not Classified Male,Admitted Not Classified,Male,All Ages,All Chronic Conditions,General Population,admitted_not_classified.male,tier_2,110
ad_nc.m.55plus,filter,(((custody_class.isna() | (custody_class.str.strip() == ''))) & (sex == 'M')) & (age_bracket == 'adult 55+'),Admitted Not Classified Male 55+,Admitted Not Classified,Male,55+,All Chronic Conditions,General Population,admitted_not_classified.male.55plus,tier_2a,110
ad_nc.m.u55,filter,(((custody_class.isna() | (custody_class.str.strip() == ''))) & (sex == 'M')) & (age_bracket == 'adult under 55'),Admitted Not Classified Male Under 55,Admitted Not Classified,Male,Under 55,All Chronic Conditions,General Population,admitted_not_classified.male.u55,tier_2a,112
ad_nc.u55,filter,((custody_class.isna() | (custody_class.str.strip() == ''))) & (age_bracket == 'adult under 55'),Admitted Not Classified Under 55,Admitted Not Classified,Male,Under 55,All Chronic Conditions,General Population,admitted_not_classified.u55,tier_1a,112
min.m,filter,"((custody_class.isin(['MIN', 'MINIMUM', 'MIIN']))) & (sex == 'M')",Minimum Custody Male,Minimum Custody,Male,All Ages,All Chronic Conditions,General Population,minimum.male,tier_2,120
min.m.55plus,filter,"(((custody_class.isin(['MIN', 'MINIMUM', 'MIIN']))) & (sex == 'M')) & (age_bracket == 'adult 55+')",Minimum Custody Male 55+,Minimum Custody,Male,55+,All Chronic Conditions,General Population,minimum.male.55plus,tier_2a,120
min.m.u55,filter,"(((custody_class.isin(['MIN', 'MINIMUM', 'MIIN']))) & (sex == 'M')) & (age_bracket == 'adult under 55')",Minimum Custody Male Under 55,Minimum Custody,Male,Under 55,All Chronic Conditions,General Population,minimum.male.u55,tier_2a,122
min.m.ch_high,filter,"(((custody_class.isin(['MIN', 'MINIMUM', 'MIIN']))) & (sex == 'M')) & (chronic_status == 'HIGH')",Minimum Custody Male Highly Severe Chronic Health Condition,Minimum Custody,Male,All Ages,Highly Severe Chronic Health Condition,General Population,minimum.male.chronic_high,tier_2b,123
min.m.ch_low_mod_no,filter,"(((custody_class.isin(['MIN', 'MINIMUM', 'MIIN']))) & (sex == 'M')) & (chronic_status.isin(['LOW','MODERATE','NO CHRONIC CONDITION']))",Minimum Custody Male Low/Moderate/No Chronic Health Condition,Minimum Custody,Male,All Ages,Low/Moderate/No Chronic Health Condition,General Population,minimum.male.chronic_low_moderate_no_chronic,tier_2b,124
med.m,filter,((custody_class.isin(['MED']))) & (sex == 'M'),Medium Custody Male,Medium Custody,Male,All Ages,All Chronic Conditions,General Population,medium.male,tier_2,130
med.m.55plus,filter,(((custody_class.isin(['MED']))) & (sex == 'M')) & (age_bracket == 'adult 55+'),Medium Custody Male 55+,Medium Custody,Male,55+,All Chronic Conditions,General Population,medium.male.55plus,tier_2a,130
med.m.u55,filter,(((custody_class.isin(['MED']))) & (sex == 'M')) & (age_bracket == 'adult under 55'),Medium Custody Male Under 55,Medium Custody,Male,Under 55,All Chronic Conditions,General Population,medium.male.u55,tier_2a,132
med.m.ch_high,filter,(((custody_class.isin(['MED']))) & (sex == 'M')) & (chronic_status == 'HIGH'),Medium Custody Male Highly Severe Chronic Health Condition,Medium Custody,Male,All Ages,Highly Severe Chronic Health Condition,General Population,medium.male.chronic_high,tier_2b,133
med.m.ch_low_mod_no,filter,"(((custody_class.isin(['MED']))) & (sex == 'M')) & (chronic_status .isin(['LOW','MODERATE','NO CHRONIC CONDITION']))",Medium Custody Male Low/Moderate/No Chronic Health Condition,Medium Custody,Male,All Ages,Low/Moderate/No Chronic Health Condition,General Population,medium.male.chronic_low_moderate_no_chronic,tier_2b,134
clos.m,filter,"((custody_class.isin(['CLOS', 'CLO']))) & (sex == 'M')",Close Custody Male,Close Custody,Male,All Ages,All Chronic Conditions,General Population,close.male,tier_2,140
clos.m.55plus,filter,"(((custody_class.isin(['CLOS', 'CLO']))) & (sex == 'M')) & (age_bracket == 'adult 55+')",Close Custody Male 55+,Close Custody,Male,55+,All Chronic Conditions,General Population,close.male.55plus,tier_2a,140
clos.m.u55,filter,"(((custody_class.isin(['CLOS', 'CLO']))) & (sex == 'M')) & (age_bracket == 'adult under 55')",Close Custody Male Under 55,Close Custody,Male,Under 55,All Chronic Conditions,General Population,close.male.u55,tier_2a,142
clos.m.ch_high,filter,"(((custody_class.isin(['CLOS', 'CLO']))) & (sex == 'M')) & (chronic_status == 'HIGH')",Close Custody Male Highly Severe Chronic Health Condition,Close Custody,Male,All Ages,Highly Severe Chronic Health Condition,General Population,close.male.chronic_high,tier_2b,143
clos.m.ch_low_mod_no,filter,"(((custody_class.isin(['CLOS', 'CLO']))) & (sex == 'M')) & (chronic_status .isin(['LOW','MODERATE','NO CHRONIC CONDITION']))",Close Custody Male Low/Moderate/No Chronic Health Condition,Close Custody,Male,All Ages,Low/Moderate/No Chronic Health Condition,General Population,close.male.chronic_low_moderate_no_chronic,tier_2b,144
max.m,filter,((custody_class.isin(['MAX']))) & (sex == 'M'),Maximum Custody Male,Maximum Custody,Male,All Ages,All Chronic Conditions,General Population,maximum.male,tier_2,150
max.m.55plus,filter,(((custody_class.isin(['MAX']))) & (sex == 'M')) & (age_bracket == 'adult 55+'),Maximum Custody Male 55+,Maximum Custody,Male,55+,All Chronic Conditions,General Population,maximum.male.55plus,tier_2a,150
max.m.u55,filter,(((custody_class.isin(['MAX']))) & (sex == 'M')) & (age_bracket == 'adult under 55'),Maximum Custody Male Under 55,Maximum Custody,Male,Under 55,All Chronic Conditions,General Population,maximum.male.u55,tier_2a,152
max.m.ch_high,filter,(((custody_class.isin(['MAX']))) & (sex == 'M')) & (chronic_status == 'HIGH'),Maximum Custody Male Highly Severe Chronic Health Condition,Maximum Custody,Male,All Ages,Highly Severe Chronic Health Condition,General Population,maximum.male.chronic_high,tier_2b,153
max.m.ch_low_mod_no,filter,"(((custody_class.isin(['MAX']))) & (sex == 'M')) & (chronic_status .isin(['LOW','MODERATE','NO CHRONIC CONDITION']))",Maximum Custody Male Low/Moderate/No Chronic Health Condition,Maximum Custody,Male,All Ages,Low/Moderate/No Chronic Health Condition,General Population,maximum.male.chronic_low_moderate_no_chronic,tier_2b,154
ks.m,filter,"(custody_class.isin(['AS/KS', 'SN/KS', 'SN/ KS', 'PC/KS', 'AK/KS', 'SK/KS', 'G2 SN/KS', 'S3 AS/KS', 'S3- AS/KS'])) & (sex == 'M')",Keep Separate Male,Keep Separate,Male,All Ages,All Chronic Conditions,General Population,ks.male,tier_2,160
ks.m.55plus,filter,"((custody_class.isin(['AS/KS', 'SN/KS', 'SN/ KS', 'PC/KS', 'AK/KS', 'SK/KS', 'G2 SN/KS', 'S3 AS/KS', 'S3- AS/KS'])) & (sex == 'M')) & (age_bracket == 'adult 55+')",Keep Separate Male 55+,Keep Separate,Male,55+,All Chronic Conditions,General Population,ks.male.55plus,tier_2a,160
ks.m.u55,filter,"((custody_class.isin(['AS/KS', 'SN/KS', 'SN/ KS', 'PC/KS', 'AK/KS', 'SK/KS', 'G2 SN/KS', 'S3 AS/KS', 'S3- AS/KS'])) & (sex == 'M')) & (age_bracket == 'adult under 55')",Keep Separate Male Under 55,Keep Separate,Male,Under 55,All Chronic Conditions,General Population,ks.male.u55,tier_2a,162
ks.m.ch_high,filter,"((custody_class.isin(['AS/KS', 'SN/KS', 'SN/ KS', 'PC/KS', 'AK/KS', 'SK/KS', 'G2 SN/KS', 'S3 AS/KS', 'S3- AS/KS'])) & (sex == 'M')) & (chronic_status == 'HIGH')",Keep Separate Male Highly Severe Chronic Health Condition,Keep Separate,Male,All Ages,Highly Severe Chronic Health Condition,General Population,ks.male.chronic_high,tier_2b,163
ks.m.ch_low_mod_no,filter,"((custody_class.isin(['AS/KS', 'SN/KS', 'SN/ KS', 'PC/KS', 'AK/KS', 'SK/KS', 'G2 SN/KS', 'S3 AS/KS', 'S3- AS/KS'])) & (sex == 'M')) & (chronic_status .isin(['LOW','MODERATE','NO CHRONIC CONDITION']))",Keep Separate Male Low/Moderate/No Chronic Health Condition,Keep Separate,Male,All Ages,Low/Moderate/No Chronic Health Condition,General Population,ks.male.chronic_low_moderate_no_chronic,tier_2b,164
pc.m,filter,"((custody_class.str.contains('PC', na=False) | custody_class.isin(['PEND PC']))) & (sex == 'M')",Protective Custody Male,Protective Custody,Male,All Ages,All Chronic Conditions,General Population,pc.male,tier_2,170
pc.m.55plus,filter,"(((custody_class.str.contains('PC', na=False) | custody_class.isin(['PEND PC']))) & (sex == 'M')) & (age_bracket == 'adult 55+')",Protective Custody Male 55+,Protective Custody,Male,55+,All Chronic Conditions,General Population,pc.male.55plus,tier_2a,170
pc.m.u55,filter,"(((custody_class.str.contains('PC', na=False) | custody_class.isin(['PEND PC']))) & (sex == 'M')) & (age_bracket == 'adult under 55')",Protective Custody Male Under 55,Protective Custody,Male,Under 55,All Chronic Conditions,General Population,pc.male.u55,tier_2a,172
pc.m.ch_high,filter,"(((custody_class.str.contains('PC', na=False) | custody_class.isin(['PEND PC']))) & (sex == 'M')) & (chronic_status == 'HIGH')",Protective Custody Male Highly Severe Chronic Health Condition,Protective Custody,Male,All Ages,Highly Severe Chronic Health Condition,General Population,pc.male.chronic_high,tier_2b,173
pc.m.ch_low_mod_no,filter,"(((custody_class.str.contains('PC', na=False) | custody_class.isin(['PEND PC']))) & (sex == 'M')) & (chronic_status .isin(['LOW','MODERATE','NO CHRONIC CONDITION']))",Protective Custody Male Low/Moderate/No Chronic Health Condition,Protective Custody,Male,All Ages,Low/Moderate/No Chronic Health Condition,General Population,pc.male.chronic_low_moderate_no_chronic,tier_2b,174
as.m,filter,"(((custody_class.str.contains('AS', na=False)) | custody_class.isin(['AS/KS', 'S3 AS/KS', 'S3- AS/KS'])) & (housing != 'S2')) & (sex == 'M')",Administrative Segregation Male,Administrative Segregation,Male,All Ages,All Chronic Conditions,General Population,as.male,tier_2,180
as.m.55plus,filter,"((((custody_class.str.contains('AS', na=False)) | custody_class.isin(['AS/KS', 'S3 AS/KS', 'S3- AS/KS'])) & (housing != 'S2')) & (sex == 'M')) & (age_bracket == 'adult 55+')",Administrative Segregation Male 55+,Administrative Segregation,Male,55+,All Chronic Conditions,General Population,as.male.55plus,tier_2a,180
as.m.u55,filter,"((((custody_class.str.contains('AS', na=False)) | custody_class.isin(['AS/KS', 'S3 AS/KS', 'S3- AS/KS'])) & (housing != 'S2')) & (sex == 'M')) & (age_bracket == 'adult under 55')",Administrative Segregation Male Under 55,Administrative Segregation,Male,Under 55,All Chronic Conditions,General Population,as.male.u55,tier_2a,182
as.m.ch_high,filter,"((((custody_class.str.contains('AS', na=False)) | custody_class.isin(['AS/KS', 'S3 AS/KS', 'S3- AS/KS'])) & (housing != 'S2')) & (sex == 'M')) & (chronic_status == 'HIGH')",Administrative Segregation Male Highly Severe Chronic Health Condition,Administrative Segregation,Male,All Ages,Highly Severe Chronic Health Condition,General Population,as.male.chronic_high,tier_2b,183
as.m.ch_low_mod_no,filter,"((((custody_class.str.contains('AS', na=False)) | custody_class.isin(['AS/KS', 'S3 AS/KS', 'S3- AS/KS'])) & (housing != 'S2')) & (sex == 'M')) & (chronic_status .isin(['LOW','MODERATE','NO CHRONIC CONDITION']))",Administrative Segregation Male Low/Moderate/No Chronic Health Condition,Administrative Segregation,Male,All Ages,Low/Moderate/No Chronic Health Condition,General Population,as.male.chronic_low_moderate_no_chronic,tier_2b,184
disc.m,filter,"((housing == 'S2') & ~(custody_class.str.contains('AS', na=False) | custody_class.isin(['AS/KS','S3 AS/KS','S3- AS/KS']))) & (sex == 'M')",Disciplinary Male,Disciplinary,Male,All Ages,All Chronic Conditions,General Population,disciplinary.male,tier_2,190
disc.m.55plus,filter,"(((housing == 'S2') & ~(custody_class.str.contains('AS', na=False) | custody_class.isin(['AS/KS','S3 AS/KS','S3- AS/KS']))) & (sex == 'M')) & (age_bracket == 'adult 55+')",Disciplinary Male 55+,Disciplinary,Male,55+,All Chronic Conditions,General Population,disciplinary.male.55plus,tier_2a,190
disc.m.u55,filter,"(((housing == 'S2') & ~(custody_class.str.contains('AS', na=False) | custody_class.isin(['AS/KS','S3 AS/KS','S3- AS/KS']))) & (sex == 'M')) & (age_bracket == 'adult under 55')",Disciplinary Male Under 55,Disciplinary,Male,Under 55,All Chronic Conditions,General Population,disciplinary.male.u55,tier_2a,192
disc.m.ch_high,filter,"(((housing == 'S2') & ~(custody_class.str.contains('AS', na=False) | custody_class.isin(['AS/KS','S3 AS/KS','S3- AS/KS']))) & (sex == 'M')) & (chronic_status == 'HIGH')",Disciplinary Male Highly Severe Chronic Health Condition,Disciplinary,Male,All Ages,Highly Severe Chronic Health Condition,General Population,disciplinary.male.chronic_high,tier_2b,193
disc.m.ch_low_mod_no,filter,"(((housing == 'S2') & ~(custody_class.str.contains('AS', na=False) | custody_class.isin(['AS/KS','S3 AS/KS','S3- AS/KS']))) & (sex == 'M')) & (chronic_status .isin(['LOW','MODERATE','NO CHRONIC CONDITION']))",Disciplinary Male Low/Moderate/No Chronic Health Condition,Disciplinary,Male,All Ages,Low/Moderate/No Chronic Health Condition,General Population,disciplinary.male.chronic_low_moderate_no_chronic,tier_2b,194
cs.m,filter,"((custody_class.str.contains('CS', na=False) | custody_class.isin(['S3-CS', 'S3 (CS)', 'S3 - CS', 'S3-CONTROL SEG', 'S3-CONTROL SEGRE', 'S3 CONT. SEG.', 'CONTROL SEGREGAT', 'G2-CS', 'I POD SUBDAY CS']))) & (sex == 'M')",Control Segregation Male,Control Segregation,Male,All Ages,All Chronic Conditions,General Population,cs.male,tier_2,200
cs.m.55plus,filter,"(((custody_class.str.contains('CS', na=False) | custody_class.isin(['S3-CS', 'S3 (CS)', 'S3 - CS', 'S3-CONTROL SEG', 'S3-CONTROL SEGRE', 'S3 CONT. SEG.', 'CONTROL SEGREGAT', 'G2-CS', 'I POD SUBDAY CS']))) & (sex == 'M')) & (age_bracket == 'adult 55+')",Control Segregation Male 55+,Control Segregation,Male,55+,All Chronic Conditions,General Population,cs.male.55plus,tier_2a,200
cs.m.u55,filter,"(((custody_class.str.contains('CS', na=False) | custody_class.isin(['S3-CS', 'S3 (CS)', 'S3 - CS', 'S3-CONTROL SEG', 'S3-CONTROL SEGRE', 'S3 CONT. SEG.', 'CONTROL SEGREGAT', 'G2-CS', 'I POD SUBDAY CS']))) & (sex == 'M')) & (age_bracket == 'adult under 55')",Control Segregation Male Under 55,Control Segregation,Male,Under 55,All Chronic Conditions,General Population,cs.male.u55,tier_2a,202
cs.m.ch_high,filter,"(((custody_class.str.contains('CS', na=False) | custody_class.isin(['S3-CS', 'S3 (CS)', 'S3 - CS', 'S3-CONTROL SEG', 'S3-CONTROL SEGRE', 'S3 CONT. SEG.', 'CONTROL SEGREGAT', 'G2-CS', 'I POD SUBDAY CS']))) & (sex == 'M')) & (chronic_status == 'HIGH')",Control Segregation Male Highly Severe Chronic Health Condition,Control Segregation,Male,All Ages,Highly Severe Chronic Health Condition,General Population,cs.male.chronic_high,tier_2b,203
cs.m.ch_low_mod_no,filter,"(((custody_class.str.contains('CS', na=False) | custody_class.isin(['S3-CS', 'S3 (CS)', 'S3 - CS', 'S3-CONTROL SEG', 'S3-CONTROL SEGRE', 'S3 CONT. SEG.', 'CONTROL SEGREGAT', 'G2-CS', 'I POD SUBDAY CS']))) & (sex == 'M')) & (chronic_status .isin(['LOW','MODERATE','NO CHRONIC CONDITION']))",Control Segregation Male Low/Moderate/No Chronic Health Condition,Control Segregation,Male,All Ages,Low/Moderate/No Chronic Health Condition,General Population,cs.male.chronic_low_moderate_no_chronic,tier_2b,204
mx_all.m ,filter,"((housing.isin(['INFM','BRE','BRW','BSDC','CTRP','NHI','STE']))) & (sex == 'M')",All Medical Care Male,Medical Care All,Male,All Ages,All Chronic Conditions,Medical Needs,medical_all.male,tier_2,100
mx_all.m.55plus ,filter,"(((housing.isin(['INFM','BRE','BRW','BSDC','CTRP','NHI','STE']))) & (sex == 'M')) & (age_bracket == 'adult 55+')",All Medical Care Male 55+,Medical Care All,Male,55+,All Chronic Conditions,Medical Needs,medical_all.male.55plus,tier_2a,100
mx_all.m.u55 ,filter,"(((housing.isin(['INFM','BRE','BRW','BSDC','CTRP','NHI','STE']))) & (sex == 'M')) & (age_bracket == 'adult under 55')",All Medical Care Male Under 55,Medical Care All,Male,Under 55,All Chronic Conditions,Medical Needs,medical_all.male.u55,tier_2a,100
mx_all.m.ch_high ,filter,"(((housing.isin(['INFM','BRE','BRW','BSDC','CTRP','NHI','STE']))) & (sex == 'M')) & (chronic_status == 'HIGH')",All Medical Care Male Highly Severe Chronic Health Condition,Medical Care All,Male,All Ages,Highly Severe Chronic Health Condition,Medical Needs,medical_all.male.chronic_high,tier_2b,103
mx_all.m.ch_low_mod_no ,filter,"(((housing.isin(['INFM','BRE','BRW','BSDC','CTRP','NHI','STE']))) & (sex == 'M')) & (chronic_status.isin(['LOW','MODERATE','NO CHRONIC CONDITION']))",All Medical Care Male Low/Moderate/No Chronic Health Condition,Medical Care All,Male,All Ages,Low/Moderate/No Chronic Health Condition,Medical Needs,medical_all.male.chronic_low_moderate_no_chronic,tier_2b,104
det.m,filter,((housing_detox_status == 'DETOX')) & (sex == 'M'),Detox Male,Detox,Male,All Ages,All Chronic Conditions,Medical Needs,detox.male,tier_2,220
det.m.55plus,filter,(((housing_detox_status == 'DETOX')) & (sex == 'M')) & (age_bracket == 'adult 55+'),Detox Male 55+,Detox,Male,55+,All Chronic Conditions,Medical Needs,detox.male.55plus,tier_2a,220
det.m.u55,filter,(((housing_detox_status == 'DETOX')) & (sex == 'M')) & (age_bracket == 'adult under 55'),Detox Male Under 55,Detox,Male,Under 55,All Chronic Conditions,Medical Needs,detox.male.u55,tier_2a,222
det.m.ch_high,filter,(((housing_detox_status == 'DETOX')) & (sex == 'M')) & (chronic_status == 'HIGH'),Detox Male Highly Severe Chronic Health Condition,Detox,Male,All Ages,Highly Severe Chronic Health Condition,Medical Needs,detox.male.chronic_high,tier_2b,223
det.m.ch_low_mod_no,filter,"(((housing_detox_status == 'DETOX')) & (sex == 'M')) & (chronic_status .isin(['LOW','MODERATE','NO CHRONIC CONDITION']))",Detox Male Low/Moderate/No Chronic Health Condition,Detox,Male,All Ages,Low/Moderate/No Chronic Health Condition,Medical Needs,detox.male.chronic_low_moderate_no_chronic,tier_2b,224
wr_m,filter,((sex == 'M') & (housing == 'A1')),Work Release Male,Work Release Male,Male,All Ages,All Chronic Conditions,Work Release,work_release_male,tier_2,260
wr_m.55plus,filter,(((sex == 'M') & (housing == 'A1'))) & (age_bracket == 'adult 55+'),Work Release Male 55+,Work Release Male,Male,55+,All Chronic Conditions,Work Release,work_release_male.55plus,tier_2a,260
wr_m.u55,filter,(((sex == 'M') & (housing == 'A1'))) & (age_bracket == 'adult under 55'),Work Release Male Under 55,Work Release Male,Male,Under 55,All Chronic Conditions,Work Release,work_release_male.u55,tier_2a,262
wr_m.ch_high,filter,(((sex == 'M') & (housing == 'A1'))) & (chronic_status == 'HIGH'),Work Release Male Highly Severe Chronic Health Condition,Work Release Male,Male,All Ages,Highly Severe Chronic Health Condition,Work Release,work_release_male.chronic_high,tier_2b,263
sn.m,filter,"((custody_class.str.contains('SN', na=False) | custody_class.isin(['SN- HOUSE IN SUB', 'SN (IPOD SUBDAY)', 'SN J-POD']))) & (sex == 'M')",Special Needs Male,Special Needs,Male,All Ages,All Chronic Conditions,Behavioral Health,special_needs.male,tier_2,230
sn.m.55plus,filter,"(((custody_class.str.contains('SN', na=False) | custody_class.isin(['SN- HOUSE IN SUB', 'SN (IPOD SUBDAY)', 'SN J-POD']))) & (sex == 'M')) & (age_bracket == 'adult 55+')",Special Needs Male 55+,Special Needs,Male,55+,All Chronic Conditions,Behavioral Health,special_needs.male.55plus,tier_2a,230
sn.m.u55,filter,"(((custody_class.str.contains('SN', na=False) | custody_class.isin(['SN- HOUSE IN SUB', 'SN (IPOD SUBDAY)', 'SN J-POD']))) & (sex == 'M')) & (age_bracket == 'adult under 55')",Special Needs Male Under 55,Special Needs,Male,Under 55,All Chronic Conditions,Behavioral Health,special_needs.male.u55,tier_2a,232
sn.m.ch_high,filter,"(((custody_class.str.contains('SN', na=False) | custody_class.isin(['SN- HOUSE IN SUB', 'SN (IPOD SUBDAY)', 'SN J-POD']))) & (sex == 'M')) & (chronic_status == 'HIGH')",Special Needs Male Highly Severe Chronic Health Condition,Special Needs,Male,All Ages,Highly Severe Chronic Health Condition,Behavioral Health,special_needs.male.chronic_high,tier_2b,233
sn.m.ch_low_mod_no,filter,"(((custody_class.str.contains('SN', na=False) | custody_class.isin(['SN- HOUSE IN SUB', 'SN (IPOD SUBDAY)', 'SN J-POD']))) & (sex == 'M')) & (chronic_status .isin(['LOW','MODERATE','NO CHRONIC CONDITION']))",Special Needs Male Low/Moderate/No Chronic Health Condition,Special Needs,Male,All Ages,Low/Moderate/No Chronic Health Condition,Behavioral Health,special_needs.male.chronic_low_moderate_no_chronic,tier_2b,234
bh_step.m,filter,"(((custody_class.str.contains('SN', na=False) | custody_class.isin(['SN- HOUSE IN SUB', 'SN (IPOD SUBDAY)', 'SN J-POD'])) & ~(housing.str.contains('BH_Acute', na=False))) & (sex == 'M'))",Behavioral Health - Step Down Male,Behavioral Health - Step Down,Male,All Ages,All Chronic Conditions,Behavioral Health,behavioral_health_step_down.male,tier_2,250
bh_step.m.55plus,filter,"((((custody_class.str.contains('SN', na=False) | custody_class.isin(['SN- HOUSE IN SUB', 'SN (IPOD SUBDAY)', 'SN J-POD'])) & ~(housing.str.contains('BH_Acute', na=False))) & (sex == 'M')) & (age_bracket == 'adult 55+'))",Behavioral Health - Step Down Male 55+,Behavioral Health - Step Down,Male,55+,All Chronic Conditions,Behavioral Health,behavioral_health_step_down.male.55plus,tier_2a,250
bh_step.m.u55,filter,"((((custody_class.str.contains('SN', na=False) | custody_class.isin(['SN- HOUSE IN SUB', 'SN (IPOD SUBDAY)', 'SN J-POD'])) & ~(housing.str.contains('BH_Acute', na=False))) & (sex == 'M')) & (age_bracket == 'adult under 55'))",Behavioral Health - Step Down Male Under 55,Behavioral Health - Step Down,Male,Under 55,All Chronic Conditions,Behavioral Health,behavioral_health_step_down.male.u55,tier_2a,252
bh_step.m.ch_high,filter,"((((custody_class.str.contains('SN', na=False) | custody_class.isin(['SN- HOUSE IN SUB', 'SN (IPOD SUBDAY)', 'SN J-POD'])) & ~(housing.str.contains('BH_Acute', na=False))) & (sex == 'M')) & (chronic_status == 'HIGH'))",Behavioral Health - Step Down Male Highly Severe Chronic Health Condition,Behavioral Health - Step Down,Male,All Ages,Highly Severe Chronic Health Condition,Behavioral Health,behavioral_health_step_down.male.chronic_high,tier_2b,253
bh_step.m.ch_low_mod_no,filter,"((((custody_class.str.contains('SN', na=False) | custody_class.isin(['SN- HOUSE IN SUB', 'SN (IPOD SUBDAY)', 'SN J-POD'])) & ~(housing.str.contains('BH_Acute', na=False))) & (sex == 'M')) & (chronic_status.isin(['LOW','MODERATE','NO CHRONIC CONDITION'])))",Behavioral Health - Step Down Male Low/Moderate/No Chronic Health Condition,Behavioral Health - Step Down,Male,All Ages,Low/Moderate/No Chronic Health Condition,Behavioral Health,behavioral_health_step_down.male.chronic_low_moderate_no_chronic,tier_2b,254
bh_acute.m,filter,"((housing.str.contains('BH_Acute', na=False))) & (sex == 'M')",Behavioral Health - Acute Male,Behavioral Health - Acute,Male,All Ages,All Chronic Conditions,Behavioral Health,behavioral_health_acute.male,tier_2,240
bh_acute.m.55plus,filter,"(((housing.str.contains('BH_Acute', na=False))) & (sex == 'M')) & (age_bracket == 'adult 55+')",Behavioral Health - Acute Male 55+,Behavioral Health - Acute,Male,55+,All Chronic Conditions,Behavioral Health,behavioral_health_acute.male.55plus,tier_2a,240
bh_acute.m.u55,filter,"(((housing.str.contains('BH_Acute', na=False))) & (sex == 'M')) & (age_bracket == 'adult under 55')",Behavioral Health - Acute Male Under 55,Behavioral Health - Acute,Male,Under 55,All Chronic Conditions,Behavioral Health,behavioral_health_acute.male.u55,tier_2a,242
bh_acute.m.ch_high,filter,"(((housing.str.contains('BH_Acute', na=False))) & (sex == 'M')) & (chronic_status == 'HIGH')",Behavioral Health - Acute Male Highly Severe Chronic Health Condition,Behavioral Health - Acute,Male,All Ages,Highly Severe Chronic Health Condition,Behavioral Health,behavioral_health_acute.male.chronic_high,tier_2b,243
bh_acute.m.ch_low_mod_no,filter,"(((housing.str.contains('BH_Acute', na=False))) & (sex == 'M')) & (chronic_status.isin(['LOW','MODERATE','NO CHRONIC CONDITION']))",Behavioral Health - Acute Male Low/Moderate/No Chronic Health Condition,Behavioral Health - Acute,Male,All Ages,Low/Moderate/No Chronic Health Condition,Behavioral Health,behavioral_health_acute.male.chronic_low_moderate_no_chronic,tier_2b,244
all.f,filter,(True) & (sex == 'F'),All Female Detainees,All Detainees,Female,All Ages,All Chronic Conditions,All Detainees,all.f,tier_2,100
ad_nc.f,filter,((custody_class.isna() | (custody_class.str.strip() == ''))) & (sex == 'F'),Admitted Not Classified Female,Admitted Not Classified,Female,All Ages,All Chronic Conditions,General Population,admitted_not_classified.female,tier_2,110
ad_nc.f.55plus,filter,(((custody_class.isna() | (custody_class.str.strip() == ''))) & (sex == 'F')) & (age_bracket == 'adult 55+'),Admitted Not Classified Female 55+,Admitted Not Classified,Female,55+,All Chronic Conditions,General Population,admitted_not_classified.female.55plus,tier_2a,110
ad_nc.f.u55,filter,(((custody_class.isna() | (custody_class.str.strip() == ''))) & (sex == 'F')) & (age_bracket == 'adult under 55'),Admitted Not Classified Female Under 55,Admitted Not Classified,Female,Under 55,All Chronic Conditions,General Population,admitted_not_classified.female.u55,tier_2a,112
min.f,filter,"((custody_class.isin(['MIN', 'MINIMUM', 'MIIN']))) & (sex == 'F')",Minimum Custody Female,Minimum Custody,Female,All Ages,All Chronic Conditions,General Population,minimum.female,tier_2,120
min.f.55plus,filter,"(((custody_class.isin(['MIN', 'MINIMUM', 'MIIN']))) & (sex == 'F')) & (age_bracket == 'adult 55+')",Minimum Custody Female 55+,Minimum Custody,Female,55+,All Chronic Conditions,General Population,minimum.female.55plus,tier_2a,120
min.f.u55,filter,"(((custody_class.isin(['MIN', 'MINIMUM', 'MIIN']))) & (sex == 'F')) & (age_bracket == 'adult under 55')",Minimum Custody Female Under 55,Minimum Custody,Female,Under 55,All Chronic Conditions,General Population,minimum.female.u55,tier_2a,122
min.f.ch_high,filter,"(((custody_class.isin(['MIN', 'MINIMUM', 'MIIN']))) & (sex == 'F')) & (chronic_status == 'HIGH')",Minimum Custody Female Highly Severe Chronic Health Condition,Minimum Custody,Female,All Ages,Highly Severe Chronic Health Condition,General Population,minimum.female.chronic_high,tier_2b,123
min.f.ch_low_mod_no,filter,"(((custody_class.isin(['MIN', 'MINIMUM', 'MIIN']))) & (sex == 'F')) & (chronic_status .isin(['LOW','MODERATE','NO CHRONIC CONDITION']))",Minimum Custody Female Low/Moderate/No Chronic Health Condition,Minimum Custody,Female,All Ages,Low/Moderate/No Chronic Health Condition,General Population,minimum.female.chronic_low_moderate_no_chronic,tier_2b,124
med.f,filter,((custody_class.isin(['MED']))) & (sex == 'F'),Medium Custody Female,Medium Custody,Female,All Ages,All Chronic Conditions,General Population,medium.female,tier_2,130
med.f.55plus,filter,(((custody_class.isin(['MED']))) & (sex == 'F')) & (age_bracket == 'adult 55+'),Medium Custody Female 55+,Medium Custody,Female,55+,All Chronic Conditions,General Population,medium.female.55plus,tier_2a,130
med.f.u55,filter,(((custody_class.isin(['MED']))) & (sex == 'F')) & (age_bracket == 'adult under 55'),Medium Custody Female Under 55,Medium Custody,Female,Under 55,All Chronic Conditions,General Population,medium.female.u55,tier_2a,132
med.f.ch_high,filter,(((custody_class.isin(['MED']))) & (sex == 'F')) & (chronic_status == 'HIGH'),Medium Custody Female Highly Severe Chronic Health Condition,Medium Custody,Female,All Ages,Highly Severe Chronic Health Condition,General Population,medium.female.chronic_high,tier_2b,133
med.f.ch_low_mod_no,filter,"(((custody_class.isin(['MED']))) & (sex == 'F')) & (chronic_status .isin(['LOW','MODERATE','NO CHRONIC CONDITION']))",Medium Custody Female Low/Moderate/No Chronic Health Condition,Medium Custody,Female,All Ages,Low/Moderate/No Chronic Health Condition,General Population,medium.female.chronic_low_moderate_no_chronic,tier_2b,134
clos.f,filter,"((custody_class.isin(['CLOS', 'CLO']))) & (sex == 'F')",Close Custody Female,Close Custody,Female,All Ages,All Chronic Conditions,General Population,close.female,tier_2,140
clos.f.55plus,filter,"(((custody_class.isin(['CLOS', 'CLO']))) & (sex == 'F')) & (age_bracket == 'adult 55+')",Close Custody Female 55+,Close Custody,Female,55+,All Chronic Conditions,General Population,close.female.55plus,tier_2a,140
clos.f.u55,filter,"(((custody_class.isin(['CLOS', 'CLO']))) & (sex == 'F')) & (age_bracket == 'adult under 55')",Close Custody Female Under 55,Close Custody,Female,Under 55,All Chronic Conditions,General Population,close.female.u55,tier_2a,142
clos.f.ch_high,filter,"(((custody_class.isin(['CLOS', 'CLO']))) & (sex == 'F')) & (chronic_status == 'HIGH')",Close Custody Female Highly Severe Chronic Health Condition,Close Custody,Female,All Ages,Highly Severe Chronic Health Condition,General Population,close.female.chronic_high,tier_2b,143
clos.f.ch_low_mod_no,filter,"(((custody_class.isin(['CLOS', 'CLO']))) & (sex == 'F')) & (chronic_status .isin(['LOW','MODERATE','NO CHRONIC CONDITION']))",Close Custody Female Low/Moderate/No Chronic Health Condition,Close Custody,Female,All Ages,Low/Moderate/No Chronic Health Condition,General Population,close.female.chronic_low_moderate_no_chronic,tier_2b,144
max.f,filter,((custody_class.isin(['MAX']))) & (sex == 'F'),Maximum Custody Female,Maximum Custody,Female,All Ages,All Chronic Conditions,General Population,maximum.female,tier_2,150
max.f.55plus,filter,(((custody_class.isin(['MAX']))) & (sex == 'F')) & (age_bracket == 'adult 55+'),Maximum Custody Female 55+,Maximum Custody,Female,55+,All Chronic Conditions,General Population,maximum.female.55plus,tier_2a,150
max.f.u55,filter,(((custody_class.isin(['MAX']))) & (sex == 'F')) & (age_bracket == 'adult under 55'),Maximum Custody Female Under 55,Maximum Custody,Female,Under 55,All Chronic Conditions,General Population,maximum.female.u55,tier_2a,152
max.f.ch_high,filter,(((custody_class.isin(['MAX']))) & (sex == 'F')) & (chronic_status == 'HIGH'),Maximum Custody Female Highly Severe Chronic Health Condition,Maximum Custody,Female,All Ages,Highly Severe Chronic Health Condition,General Population,maximum.female.chronic_high,tier_2b,153
max.f.ch_low_mod_no,filter,"(((custody_class.isin(['MAX']))) & (sex == 'F')) & (chronic_status .isin(['LOW','MODERATE','NO CHRONIC CONDITION']))",Maximum Custody Female Low/Moderate/No Chronic Health Condition,Maximum Custody,Female,All Ages,Low/Moderate/No Chronic Health Condition,General Population,maximum.female.chronic_low_moderate_no_chronic,tier_2b,154
ks.f,filter,"(custody_class.isin(['AS/KS', 'SN/KS', 'SN/ KS', 'PC/KS', 'AK/KS', 'SK/KS', 'G2 SN/KS', 'S3 AS/KS', 'S3- AS/KS'])) & (sex == 'F')",Keep Separate Female,Keep Separate,Female,All Ages,All Chronic Conditions,General Population,ks.female,tier_2,160
ks.f.55plus,filter,"((custody_class.isin(['AS/KS', 'SN/KS', 'SN/ KS', 'PC/KS', 'AK/KS', 'SK/KS', 'G2 SN/KS', 'S3 AS/KS', 'S3- AS/KS'])) & (sex == 'F')) & (age_bracket == 'adult 55+')",Keep Separate Female 55+,Keep Separate,Female,55+,All Chronic Conditions,General Population,ks.female.55plus,tier_2a,160
ks.f.u55,filter,"((custody_class.isin(['AS/KS', 'SN/KS', 'SN/ KS', 'PC/KS', 'AK/KS', 'SK/KS', 'G2 SN/KS', 'S3 AS/KS', 'S3- AS/KS'])) & (sex == 'F')) & (age_bracket == 'adult under 55')",Keep Separate Female Under 55,Keep Separate,Female,Under 55,All Chronic Conditions,General Population,ks.female.u55,tier_2a,162
ks.f.ch_high,filter,"((custody_class.isin(['AS/KS', 'SN/KS', 'SN/ KS', 'PC/KS', 'AK/KS', 'SK/KS', 'G2 SN/KS', 'S3 AS/KS', 'S3- AS/KS'])) & (sex == 'F')) & (chronic_status == 'HIGH')",Keep Separate Female Highly Severe Chronic Health Condition,Keep Separate,Female,All Ages,Highly Severe Chronic Health Condition,General Population,ks.female.chronic_high,tier_2b,163
ks.f.ch_low_mod_no,filter,"((custody_class.isin(['AS/KS', 'SN/KS', 'SN/ KS', 'PC/KS', 'AK/KS', 'SK/KS', 'G2 SN/KS', 'S3 AS/KS', 'S3- AS/KS'])) & (sex == 'F')) & (chronic_status .isin(['LOW','MODERATE','NO CHRONIC CONDITION']))",Keep Separate Female Low/Moderate/No Chronic Health Condition,Keep Separate,Female,All Ages,Low/Moderate/No Chronic Health Condition,General Population,ks.female.chronic_low_moderate_no_chronic,tier_2b,164
pc.f,filter,"((custody_class.str.contains('PC', na=False) | custody_class.isin(['PEND PC']))) & (sex == 'F')",Protective Custody Female,Protective Custody,Female,All Ages,All Chronic Conditions,General Population,pc.female,tier_2,170
pc.f.55plus,filter,"(((custody_class.str.contains('PC', na=False) | custody_class.isin(['PEND PC']))) & (sex == 'F')) & (age_bracket == 'adult 55+')",Protective Custody Female 55+,Protective Custody,Female,55+,All Chronic Conditions,General Population,pc.female.55plus,tier_2a,170
pc.f.u55,filter,"(((custody_class.str.contains('PC', na=False) | custody_class.isin(['PEND PC']))) & (sex == 'F')) & (age_bracket == 'adult under 55')",Protective Custody Female Under 55,Protective Custody,Female,Under 55,All Chronic Conditions,General Population,pc.female.u55,tier_2a,172
pc.f.ch_high,filter,"(((custody_class.str.contains('PC', na=False) | custody_class.isin(['PEND PC']))) & (sex == 'F')) & (chronic_status == 'HIGH')",Protective Custody Female Highly Severe Chronic Health Condition,Protective Custody,Female,All Ages,Highly Severe Chronic Health Condition,General Population,pc.female.chronic_high,tier_2b,173
pc.f.ch_low_mod_no,filter,"(((custody_class.str.contains('PC', na=False) | custody_class.isin(['PEND PC']))) & (sex == 'F')) & (chronic_status .isin(['LOW','MODERATE','NO CHRONIC CONDITION']))",Protective Custody Female Low/Moderate/No Chronic Health Condition,Protective Custody,Female,All Ages,Low/Moderate/No Chronic Health Condition,General Population,pc.female.chronic_low_moderate_no_chronic,tier_2b,174
as.f,filter,"(((custody_class.str.contains('AS', na=False)) | custody_class.isin(['AS/KS', 'S3 AS/KS', 'S3- AS/KS'])) & (housing != 'S2')) & (sex == 'F')",Administrative Segregation Female,Administrative Segregation,Female,All Ages,All Chronic Conditions,General Population,as.female,tier_2,180
as.f.55plus,filter,"((((custody_class.str.contains('AS', na=False)) | custody_class.isin(['AS/KS', 'S3 AS/KS', 'S3- AS/KS'])) & (housing != 'S2')) & (sex == 'F')) & (age_bracket == 'adult 55+')",Administrative Segregation Female 55+,Administrative Segregation,Female,55+,All Chronic Conditions,General Population,as.female.55plus,tier_2a,180
as.f.u55,filter,"((((custody_class.str.contains('AS', na=False)) | custody_class.isin(['AS/KS', 'S3 AS/KS', 'S3- AS/KS'])) & (housing != 'S2')) & (sex == 'F')) & (age_bracket == 'adult under 55')",Administrative Segregation Female Under 55,Administrative Segregation,Female,Under 55,All Chronic Conditions,General Population,as.female.u55,tier_2a,182
as.f.ch_high,filter,"((((custody_class.str.contains('AS', na=False)) | custody_class.isin(['AS/KS', 'S3 AS/KS', 'S3- AS/KS'])) & (housing != 'S2')) & (sex == 'F')) & (chronic_status == 'HIGH')",Administrative Segregation Female Highly Severe Chronic Health Condition,Administrative Segregation,Female,All Ages,Highly Severe Chronic Health Condition,General Population,as.female.chronic_high,tier_2b,183
as.f.ch_low_mod_no,filter,"((((custody_class.str.contains('AS', na=False)) | custody_class.isin(['AS/KS', 'S3 AS/KS', 'S3- AS/KS'])) & (housing != 'S2')) & (sex == 'F')) & (chronic_status .isin(['LOW','MODERATE','NO CHRONIC CONDITION']))",Administrative Segregation Female Low/Moderate/No Chronic Health Condition,Administrative Segregation,Female,All Ages,Low/Moderate/No Chronic Health Condition,General Population,as.female.chronic_low_moderate_no_chronic,tier_2b,184
disc.f,filter,"((housing == 'S2') & ~(custody_class.str.contains('AS', na=False) | custody_class.isin(['AS/KS','S3 AS/KS','S3- AS/KS']))) & (sex == 'F')",Disciplinary Female,Disciplinary,Female,All Ages,All Chronic Conditions,General Population,disciplinary.female,tier_2,190
disc.f.55plus,filter,"(((housing == 'S2') & ~(custody_class.str.contains('AS', na=False) | custody_class.isin(['AS/KS','S3 AS/KS','S3- AS/KS']))) & (sex == 'F')) & (age_bracket == 'adult 55+')",Disciplinary Female 55+,Disciplinary,Female,55+,All Chronic Conditions,General Population,disciplinary.female.55plus,tier_2a,190
disc.f.u55,filter,"(((housing == 'S2') & ~(custody_class.str.contains('AS', na=False) | custody_class.isin(['AS/KS','S3 AS/KS','S3- AS/KS']))) & (sex == 'F')) & (age_bracket == 'adult under 55')",Disciplinary Female Under 55,Disciplinary,Female,Under 55,All Chronic Conditions,General Population,disciplinary.female.u55,tier_2a,192
disc.f.ch_high,filter,"(((housing == 'S2') & ~(custody_class.str.contains('AS', na=False) | custody_class.isin(['AS/KS','S3 AS/KS','S3- AS/KS']))) & (sex == 'F')) & (chronic_status == 'HIGH')",Disciplinary Female Highly Severe Chronic Health Condition,Disciplinary,Female,All Ages,Highly Severe Chronic Health Condition,General Population,disciplinary.female.chronic_high,tier_2b,193
disc.f.ch_low_mod_no,filter,"(((housing == 'S2') & ~(custody_class.str.contains('AS', na=False) | custody_class.isin(['AS/KS','S3 AS/KS','S3- AS/KS']))) & (sex == 'F')) & (chronic_status .isin(['LOW','MODERATE','NO CHRONIC CONDITION']))",Disciplinary Female Low/Moderate/No Chronic Health Condition,Disciplinary,Female,All Ages,Low/Moderate/No Chronic Health Condition,General Population,disciplinary.female.chronic_low_moderate_no_chronic,tier_2b,194
cs.f,filter,"((custody_class.str.contains('CS', na=False) | custody_class.isin(['S3-CS', 'S3 (CS)', 'S3 - CS', 'S3-CONTROL SEG', 'S3-CONTROL SEGRE', 'S3 CONT. SEG.', 'CONTROL SEGREGAT', 'G2-CS', 'I POD SUBDAY CS']))) & (sex == 'F')",Control Segregation Female,Control Segregation,Female,All Ages,All Chronic Conditions,General Population,cs.female,tier_2,200
cs.f.55plus,filter,"(((custody_class.str.contains('CS', na=False) | custody_class.isin(['S3-CS', 'S3 (CS)', 'S3 - CS', 'S3-CONTROL SEG', 'S3-CONTROL SEGRE', 'S3 CONT. SEG.', 'CONTROL SEGREGAT', 'G2-CS', 'I POD SUBDAY CS']))) & (sex == 'F')) & (age_bracket == 'adult 55+')",Control Segregation Female 55+,Control Segregation,Female,55+,All Chronic Conditions,General Population,cs.female.55plus,tier_2a,200
cs.f.u55,filter,"(((custody_class.str.contains('CS', na=False) | custody_class.isin(['S3-CS', 'S3 (CS)', 'S3 - CS', 'S3-CONTROL SEG', 'S3-CONTROL SEGRE', 'S3 CONT. SEG.', 'CONTROL SEGREGAT', 'G2-CS', 'I POD SUBDAY CS']))) & (sex == 'F')) & (age_bracket == 'adult under 55')",Control Segregation Female Under 55,Control Segregation,Female,Under 55,All Chronic Conditions,General Population,cs.female.u55,tier_2a,202
cs.f.ch_high,filter,"(((custody_class.str.contains('CS', na=False) | custody_class.isin(['S3-CS', 'S3 (CS)', 'S3 - CS', 'S3-CONTROL SEG', 'S3-CONTROL SEGRE', 'S3 CONT. SEG.', 'CONTROL SEGREGAT', 'G2-CS', 'I POD SUBDAY CS']))) & (sex == 'F')) & (chronic_status == 'HIGH')",Control Segregation Female Highly Severe Chronic Health Condition,Control Segregation,Female,All Ages,Highly Severe Chronic Health Condition,General Population,cs.female.chronic_high,tier_2b,203
cs.f.ch_low_mod_no,filter,"(((custody_class.str.contains('CS', na=False) | custody_class.isin(['S3-CS', 'S3 (CS)', 'S3 - CS', 'S3-CONTROL SEG', 'S3-CONTROL SEGRE', 'S3 CONT. SEG.', 'CONTROL SEGREGAT', 'G2-CS', 'I POD SUBDAY CS']))) & (sex == 'F')) & (chronic_status .isin(['LOW','MODERATE','NO CHRONIC CONDITION']))",Control Segregation Female Low/Moderate/No Chronic Health Condition,Control Segregation,Female,All Ages,Low/Moderate/No Chronic Health Condition,General Population,cs.female.chronic_low_moderate_no_chronic,tier_2b,204
mx_all.f ,filter,"((housing.isin(['INFM','BRE','BRW','BSDC','CTRP','NHI','STE']))) & (sex == 'F')",All Medical Care Female,Medical Care All,Female,All Ages,All Chronic Conditions,Medical Needs,medical_all.female,tier_2,100
mx_all.f.55plus ,filter,"(((housing.isin(['INFM','BRE','BRW','BSDC','CTRP','NHI','STE']))) & (sex == 'F')) & (age_bracket == 'adult 55+')",All Medical Care Female 55+,Medical Care All,Female,55+,All Chronic Conditions,Medical Needs,medical_all.female.55plus,tier_2a,100
mx_all.f.u55 ,filter,"(((housing.isin(['INFM','BRE','BRW','BSDC','CTRP','NHI','STE']))) & (sex == 'F')) & (age_bracket == 'adult under 55')",All Medical Care Female Under 55,Medical Care All,Female,Under 55,All Chronic Conditions,Medical Needs,medical_all.female.u55,tier_2a,100
mx_all.f.ch_high ,filter,"(((housing.isin(['INFM','BRE','BRW','BSDC','CTRP','NHI','STE']))) & (sex == 'F')) & (chronic_status == 'HIGH')",All Medical Care Female Highly Severe Chronic Health Condition,Medical Care All,Female,All Ages,Highly Severe Chronic Health Condition,Medical Needs,medical_all.female.chronic_high,tier_2b,103
mx_all.f.ch_low_mod_no ,filter,"(((housing.isin(['INFM','BRE','BRW','BSDC','CTRP','NHI','STE']))) & (sex == 'F')) & (chronic_status.isin(['LOW','MODERATE','NO CHRONIC CONDITION']))",All Medical Care Female Low/Moderate/No Chronic Health Condition,Medical Care All,Female,All Ages,Low/Moderate/No Chronic Health Condition,Medical Needs,medical_all.female.chronic_low_moderate_no_chronic,tier_2b,104
det.f,filter,((housing_detox_status == 'DETOX')) & (sex == 'F'),Detox Female,Detox,Female,All Ages,All Chronic Conditions,Medical Needs,detox.female,tier_2,220
det.f.55plus,filter,(((housing_detox_status == 'DETOX')) & (sex == 'F')) & (age_bracket == 'adult 55+'),Detox Female 55+,Detox,Female,55+,All Chronic Conditions,Medical Needs,detox.female.55plus,tier_2a,220
det.f.u55,filter,(((housing_detox_status == 'DETOX')) & (sex == 'F')) & (age_bracket == 'adult under 55'),Detox Female Under 55,Detox,Female,Under 55,All Chronic Conditions,Medical Needs,detox.female.u55,tier_2a,222
det.f.ch_high,filter,(((housing_detox_status == 'DETOX')) & (sex == 'F')) & (chronic_status == 'HIGH'),Detox Female Highly Severe Chronic Health Condition,Detox,Female,All Ages,Highly Severe Chronic Health Condition,Medical Needs,detox.female.chronic_high,tier_2b,223
det.f.ch_low_mod_no,filter,"(((housing_detox_status == 'DETOX')) & (sex == 'F')) & (chronic_status .isin(['LOW','MODERATE','NO CHRONIC CONDITION']))",Detox Female Low/Moderate/No Chronic Health Condition,Detox,Female,All Ages,Low/Moderate/No Chronic Health Condition,Medical Needs,detox.female.chronic_low_moderate_no_chronic,tier_2b,224
sn.f,filter,"((custody_class.str.contains('SN', na=False) | custody_class.isin(['SN- HOUSE IN SUB', 'SN (IPOD SUBDAY)', 'SN J-POD']))) & (sex == 'F')",Special Needs Female,Special Needs,Female,All Ages,All Chronic Conditions,Behavioral Health,special_needs.female,tier_2,230
sn.f.55plus,filter,"(((custody_class.str.contains('SN', na=False) | custody_class.isin(['SN- HOUSE IN SUB', 'SN (IPOD SUBDAY)', 'SN J-POD']))) & (sex == 'F')) & (age_bracket == 'adult 55+')",Special Needs Female 55+,Special Needs,Female,55+,All Chronic Conditions,Behavioral Health,special_needs.female.55plus,tier_2a,230
sn.f.u55,filter,"(((custody_class.str.contains('SN', na=False) | custody_class.isin(['SN- HOUSE IN SUB', 'SN (IPOD SUBDAY)', 'SN J-POD']))) & (sex == 'F')) & (age_bracket == 'adult under 55')",Special Needs Female Under 55,Special Needs,Female,Under 55,All Chronic Conditions,Behavioral Health,special_needs.female.u55,tier_2a,232
sn.f.ch_high,filter,"(((custody_class.str.contains('SN', na=False) | custody_class.isin(['SN- HOUSE IN SUB', 'SN (IPOD SUBDAY)', 'SN J-POD']))) & (sex == 'F')) & (chronic_status == 'HIGH')",Special Needs Female Highly Severe Chronic Health Condition,Special Needs,Female,All Ages,Highly Severe Chronic Health Condition,Behavioral Health,special_needs.female.chronic_high,tier_2b,233
sn.f.ch_low_mod_no,filter,"(((custody_class.str.contains('SN', na=False) | custody_class.isin(['SN- HOUSE IN SUB', 'SN (IPOD SUBDAY)', 'SN J-POD']))) & (sex == 'F')) & (chronic_status .isin(['LOW','MODERATE','NO CHRONIC CONDITION']))",Special Needs Female Low/Moderate/No Chronic Health Condition,Special Needs,Female,All Ages,Low/Moderate/No Chronic Health Condition,Behavioral Health,special_needs.female.chronic_low_moderate_no_chronic,tier_2b,234
bh_step.f,filter,"(((custody_class.str.contains('SN', na=False) | custody_class.isin(['SN- HOUSE IN SUB', 'SN (IPOD SUBDAY)', 'SN J-POD'])) & ~(housing.str.contains('BH_Acute', na=False))) & (sex == 'F'))",Behavioral Health - Step Down Female,Behavioral Health - Step Down,Female,All Ages,All Chronic Conditions,Behavioral Health,behavioral_health_step_down.female,tier_2,250
bh_step.f.55plus,filter,"((((custody_class.str.contains('SN', na=False) | custody_class.isin(['SN- HOUSE IN SUB', 'SN (IPOD SUBDAY)', 'SN J-POD'])) & ~(housing.str.contains('BH_Acute', na=False))) & (sex == 'F')) & (age_bracket == 'adult 55+'))",Behavioral Health - Step Down Female 55+,Behavioral Health - Step Down,Female,55+,All Chronic Conditions,Behavioral Health,behavioral_health_step_down.female.55plus,tier_2a,250
bh_step.f.u55,filter,"((((custody_class.str.contains('SN', na=False) | custody_class.isin(['SN- HOUSE IN SUB', 'SN (IPOD SUBDAY)', 'SN J-POD'])) & ~(housing.str.contains('BH_Acute', na=False))) & (sex == 'F')) & (age_bracket == 'adult under 55'))",Behavioral Health - Step Down Female Under 55,Behavioral Health - Step Down,Female,Under 55,All Chronic Conditions,Behavioral Health,behavioral_health_step_down.female.u55,tier_2a,252
bh_step.f.ch_high,filter,"((((custody_class.str.contains('SN', na=False) | custody_class.isin(['SN- HOUSE IN SUB', 'SN (IPOD SUBDAY)', 'SN J-POD'])) & ~(housing.str.contains('BH_Acute', na=False))) & (sex == 'F')) & (chronic_status == 'HIGH'))",Behavioral Health - Step Down Female Highly Severe Chronic Health Condition,Behavioral Health - Step Down,Female,All Ages,Highly Severe Chronic Health Condition,Behavioral Health,behavioral_health_step_down.female.chronic_high,tier_2b,253
bh_step.f.ch_low_mod_no,filter,"((((custody_class.str.contains('SN', na=False) | custody_class.isin(['SN- HOUSE IN SUB', 'SN (IPOD SUBDAY)', 'SN J-POD'])) & ~(housing.str.contains('BH_Acute', na=False))) & (sex == 'F')) & (chronic_status.isin(['LOW','MODERATE','NO CHRONIC CONDITION'])))",Behavioral Health - Step Down Female Low/Moderate/No Chronic Health Condition,Behavioral Health - Step Down,Female,All Ages,Low/Moderate/No Chronic Health Condition,Behavioral Health,behavioral_health_step_down.female.chronic_low_moderate_no_chronic,tier_2b,254
bh_acute.f,filter,"((housing.str.contains('BH_Acute', na=False))) & (sex == 'F')",Behavioral Health - Acute Female,Behavioral Health - Acute,Female,All Ages,All Chronic Conditions,Behavioral Health,behavioral_health_acute.female,tier_2,240
bh_acute.f.55plus,filter,"(((housing.str.contains('BH_Acute', na=False))) & (sex == 'F')) & (age_bracket == 'adult 55+')",Behavioral Health - Acute Female 55+,Behavioral Health - Acute,Female,55+,All Chronic Conditions,Behavioral Health,behavioral_health_acute.female.55plus,tier_2a,240
bh_acute.f.u55,filter,"(((housing.str.contains('BH_Acute', na=False))) & (sex == 'F')) & (age_bracket == 'adult under 55')",Behavioral Health - Acute Female Under 55,Behavioral Health - Acute,Female,Under 55,All Chronic Conditions,Behavioral Health,behavioral_health_acute.female.u55,tier_2a,242
bh_acute.f.ch_high,filter,"(((housing.str.contains('BH_Acute', na=False))) & (sex == 'F')) & (chronic_status == 'HIGH')",Behavioral Health - Acute Female Highly Severe Chronic Health Condition,Behavioral Health - Acute,Female,All Ages,Highly Severe Chronic Health Condition,Behavioral Health,behavioral_health_acute.female.chronic_high,tier_2b,243
bh_acute.f.ch_low_mod_no,filter,"(((housing.str.contains('BH_Acute', na=False))) & (sex == 'F')) & (chronic_status.isin(['LOW','MODERATE','NO CHRONIC CONDITION']))",Behavioral Health - Acute Female Low/Moderate/No Chronic Health Condition,Behavioral Health - Acute,Female,All Ages,Low/Moderate/No Chronic Health Condition,Behavioral Health,behavioral_health_acute.female.chronic_low_moderate_no_chronic,tier_2b,244
all,filter,(BookNumber.notna()),All Detainees,All Detainees,All Genders,All Ages,All Chronic Conditions,All Detainees,all,tier_1,100
all.55plus,filter,(True) & (age_bracket == 'adult 55+'),All Detainees 55+,All Detainees,All Genders,55+,All Chronic Conditions,All Detainees,all.55plus,tier_1a,100
all.u55,filter,(True) & (age_bracket == 'adult under 55'),All Detainees Under 55,All Detainees,All Genders,Under 55,All Chronic Conditions,All Detainees,all.u55,tier_1a,102
all.ch_high,filter,(True) & (chronic_status == 'HIGH'),All Detainees Highly Severe Chronic Health Condition,All Detainees,All Genders,All Ages,Highly Severe Chronic Health Condition,All Detainees,all.chronic_high,tier_1b,103
all.ch_low_mod_no,filter,"(True) & (chronic_status .isin(['LOW','MODERATE','NO CHRONIC CONDITION']))",All Detainees Low/Moderate/No Chronic Health Condition,All Detainees,All Genders,All Ages,Low/Moderate/No Chronic Health Condition,All Detainees,all.chronic_low_moderate_no_chronic,tier_1b,104
ad_nc,filter,(custody_class.isna() | (custody_class.str.strip() == '')),Admitted Not Classified,Admitted Not Classified,All Genders,All Ages,All Chronic Conditions,General Population,admitted_not_classified,tier_1,110
ad_nc.55plus,filter,((custody_class.isna() | (custody_class.str.strip() == ''))) & (age_bracket == 'adult 55+'),Admitted Not Classified 55+,Admitted Not Classified,All Genders,55+,All Chronic Conditions,General Population,admitted_not_classified.55plus,tier_1a,110
min,filter,"(custody_class.isin(['MIN', 'MINIMUM', 'MIIN']))",Minimum Custody,Minimum Custody,All Genders,All Ages,All Chronic Conditions,General Population,minimum,tier_1,120
min.55plus,filter,"((custody_class.isin(['MIN', 'MINIMUM', 'MIIN']))) & (age_bracket == 'adult 55+')",Minimum Custody 55+,Minimum Custody,All Genders,55+,All Chronic Conditions,General Population,minimum.55plus,tier_1a,120
min.u55,filter,"((custody_class.isin(['MIN', 'MINIMUM', 'MIIN']))) & (age_bracket == 'adult under 55')",Minimum Custody Under 55,Minimum Custody,All Genders,Under 55,All Chronic Conditions,General Population,minimum.u55,tier_1a,122
min.ch_high,filter,"((custody_class.isin(['MIN', 'MINIMUM', 'MIIN']))) & (chronic_status == 'HIGH')",Minimum Custody Highly Severe Chronic Health Condition,Minimum Custody,All Genders,All Ages,Highly Severe Chronic Health Condition,General Population,minimum.chronic_high,tier_1b,123
min.ch_low_mod_no,filter,"((custody_class.isin(['MIN', 'MINIMUM', 'MIIN']))) & (chronic_status .isin(['LOW','MODERATE','NO CHRONIC CONDITION']))",Minimum Custody Low/Moderate/No Chronic Health Condition,Minimum Custody,All Genders,All Ages,Low/Moderate/No Chronic Health Condition,General Population,minimum.chronic_low_moderate_no_chronic,tier_1b,124
med,filter,(custody_class.isin(['MED'])),Medium Custody,Medium Custody,All Genders,All Ages,All Chronic Conditions,General Population,medium,tier_1,130
med.55plus,filter,((custody_class.isin(['MED']))) & (age_bracket == 'adult 55+'),Medium Custody 55+,Medium Custody,All Genders,55+,All Chronic Conditions,General Population,medium.55plus,tier_1a,130
med.u55,filter,((custody_class.isin(['MED']))) & (age_bracket == 'adult under 55'),Medium Custody Under 55,Medium Custody,All Genders,Under 55,All Chronic Conditions,General Population,medium.u55,tier_1a,132
med.ch_high,filter,((custody_class.isin(['MED']))) & (chronic_status == 'HIGH'),Medium Custody Highly Severe Chronic Health Condition,Medium Custody,All Genders,All Ages,Highly Severe Chronic Health Condition,General Population,medium.chronic_high,tier_1b,133
med.ch_low_mod_no,filter,"((custody_class.isin(['MED']))) & (chronic_status .isin(['LOW','MODERATE','NO CHRONIC CONDITION']))",Medium Custody Low/Moderate/No Chronic Health Condition,Medium Custody,All Genders,All Ages,Low/Moderate/No Chronic Health Condition,General Population,medium.chronic_low_moderate_no_chronic,tier_1b,134
clos,filter,"(custody_class.isin(['CLOS', 'CLO']))",Close Custody,Close Custody,All Genders,All Ages,All Chronic Conditions,General Population,close,tier_1,140
clos.55plus,filter,"((custody_class.isin(['CLOS', 'CLO']))) & (age_bracket == 'adult 55+')",Close Custody 55+,Close Custody,All Genders,55+,All Chronic Conditions,General Population,close.55plus,tier_1a,140
clos.u55,filter,"((custody_class.isin(['CLOS', 'CLO']))) & (age_bracket == 'adult under 55')",Close Custody Under 55,Close Custody,All Genders,Under 55,All Chronic Conditions,General Population,close.u55,tier_1a,142
clos.ch_high,filter,"((custody_class.isin(['CLOS', 'CLO']))) & (chronic_status == 'HIGH')",Close Custody Highly Severe Chronic Health Condition,Close Custody,All Genders,All Ages,Highly Severe Chronic Health Condition,General Population,close.chronic_high,tier_1b,143
clos.ch_low_mod_no,filter,"((custody_class.isin(['CLOS', 'CLO']))) & (chronic_status .isin(['LOW','MODERATE','NO CHRONIC CONDITION']))",Close Custody Low/Moderate/No Chronic Health Condition,Close Custody,All Genders,All Ages,Low/Moderate/No Chronic Health Condition,General Population,close.chronic_low_moderate_no_chronic,tier_1b,144
max,filter,(custody_class.isin(['MAX'])),Maximum Custody,Maximum Custody,All Genders,All Ages,All Chronic Conditions,General Population,maximum,tier_1,150
max.55plus,filter,((custody_class.isin(['MAX']))) & (age_bracket == 'adult 55+'),Maximum Custody 55+,Maximum Custody,All Genders,55+,All Chronic Conditions,General Population,maximum.55plus,tier_1a,150
max.u55,filter,((custody_class.isin(['MAX']))) & (age_bracket == 'adult under 55'),Maximum Custody Under 55,Maximum Custody,All Genders,Under 55,All Chronic Conditions,General Population,maximum.u55,tier_1a,152
max.ch_high,filter,((custody_class.isin(['MAX']))) & (chronic_status == 'HIGH'),Maximum Custody Highly Severe Chronic Health Condition,Maximum Custody,All Genders,All Ages,Highly Severe Chronic Health Condition,General Population,maximum.chronic_high,tier_1b,153
max.ch_low_mod_no,filter,"((custody_class.isin(['MAX']))) & (chronic_status .isin(['LOW','MODERATE','NO CHRONIC CONDITION']))",Maximum Custody Low/Moderate/No Chronic Health Condition,Maximum Custody,All Genders,All Ages,Low/Moderate/No Chronic Health Condition,General Population,maximum.chronic_low_moderate_no_chronic,tier_1b,154
ks,filter,"custody_class.isin(['AS/KS', 'SN/KS', 'SN/ KS', 'PC/KS', 'AK/KS', 'SK/KS', 'G2 SN/KS', 'S3 AS/KS', 'S3- AS/KS'])",Keep Separate,Keep Separate,All Genders,All Ages,All Chronic Conditions,General Population,ks,tier_1,160
ks.55plus,filter,"(custody_class.isin(['AS/KS', 'SN/KS', 'SN/ KS', 'PC/KS', 'AK/KS', 'SK/KS', 'G2 SN/KS', 'S3 AS/KS', 'S3- AS/KS'])) & (age_bracket == 'adult 55+')",Keep Separate 55+,Keep Separate,All Genders,55+,All Chronic Conditions,General Population,ks.55plus,tier_1a,160
ks.u55,filter,"(custody_class.isin(['AS/KS', 'SN/KS', 'SN/ KS', 'PC/KS', 'AK/KS', 'SK/KS', 'G2 SN/KS', 'S3 AS/KS', 'S3- AS/KS'])) & (age_bracket == 'adult under 55')",Keep Separate Under 55,Keep Separate,All Genders,Under 55,All Chronic Conditions,General Population,ks.u55,tier_1a,162
ks.ch_high,filter,"(custody_class.isin(['AS/KS', 'SN/KS', 'SN/ KS', 'PC/KS', 'AK/KS', 'SK/KS', 'G2 SN/KS', 'S3 AS/KS', 'S3- AS/KS'])) & (chronic_status == 'HIGH')",Keep Separate Highly Severe Chronic Health Condition,Keep Separate,All Genders,All Ages,Highly Severe Chronic Health Condition,General Population,ks.chronic_high,tier_1b,163
ks.ch_low_mod_no,filter,"(custody_class.isin(['AS/KS', 'SN/KS', 'SN/ KS', 'PC/KS', 'AK/KS', 'SK/KS', 'G2 SN/KS', 'S3 AS/KS', 'S3- AS/KS'])) & (chronic_status .isin(['LOW','MODERATE','NO CHRONIC CONDITION']))",Keep Separate Low/Moderate/No Chronic Health Condition,Keep Separate,All Genders,All Ages,Low/Moderate/No Chronic Health Condition,General Population,ks.chronic_low_moderate_no_chronic,tier_1b,164
pc,filter,"(custody_class.str.contains('PC', na=False) | custody_class.isin(['PEND PC']))",Protective Custody,Protective Custody,All Genders,All Ages,All Chronic Conditions,General Population,pc,tier_1,170
pc.55plus,filter,"((custody_class.str.contains('PC', na=False) | custody_class.isin(['PEND PC']))) & (age_bracket == 'adult 55+')",Protective Custody 55+,Protective Custody,All Genders,55+,All Chronic Conditions,General Population,pc.55plus,tier_1a,170
pc.u55,filter,"((custody_class.str.contains('PC', na=False) | custody_class.isin(['PEND PC']))) & (age_bracket == 'adult under 55')",Protective Custody Under 55,Protective Custody,All Genders,Under 55,All Chronic Conditions,General Population,pc.u55,tier_1a,172
pc.ch_high,filter,"((custody_class.str.contains('PC', na=False) | custody_class.isin(['PEND PC']))) & (chronic_status == 'HIGH')",Protective Custody Highly Severe Chronic Health Condition,Protective Custody,All Genders,All Ages,Highly Severe Chronic Health Condition,General Population,pc.chronic_high,tier_1b,173
pc.ch_low_mod_no,filter,"((custody_class.str.contains('PC', na=False) | custody_class.isin(['PEND PC']))) & (chronic_status .isin(['LOW','MODERATE','NO CHRONIC CONDITION']))",Protective Custody Low/Moderate/No Chronic Health Condition,Protective Custody,All Genders,All Ages,Low/Moderate/No Chronic Health Condition,General Population,pc.chronic_low_moderate_no_chronic,tier_1b,174
as,filter,"((custody_class.str.contains('AS', na=False)) | custody_class.isin(['AS/KS', 'S3 AS/KS', 'S3- AS/KS'])) & (housing != 'S2')",Administrative Segregation,Administrative Segregation,All Genders,All Ages,All Chronic Conditions,General Population,as,tier_1,180
as.55plus,filter,"(((custody_class.str.contains('AS', na=False)) | custody_class.isin(['AS/KS', 'S3 AS/KS', 'S3- AS/KS'])) & (housing != 'S2')) & (age_bracket == 'adult 55+')",Administrative Segregation 55+,Administrative Segregation,All Genders,55+,All Chronic Conditions,General Population,as.55plus,tier_1a,180
as.u55,filter,"(((custody_class.str.contains('AS', na=False)) | custody_class.isin(['AS/KS', 'S3 AS/KS', 'S3- AS/KS'])) & (housing != 'S2')) & (age_bracket == 'adult under 55')",Administrative Segregation Under 55,Administrative Segregation,All Genders,Under 55,All Chronic Conditions,General Population,as.u55,tier_1a,182
as.ch_high,filter,"(((custody_class.str.contains('AS', na=False)) | custody_class.isin(['AS/KS', 'S3 AS/KS', 'S3- AS/KS'])) & (housing != 'S2')) & (chronic_status == 'HIGH')",Administrative Segregation Highly Severe Chronic Health Condition,Administrative Segregation,All Genders,All Ages,Highly Severe Chronic Health Condition,General Population,as.chronic_high,tier_1b,183
as.ch_low_mod_no,filter,"(((custody_class.str.contains('AS', na=False)) | custody_class.isin(['AS/KS', 'S3 AS/KS', 'S3- AS/KS'])) & (housing != 'S2')) & (chronic_status .isin(['LOW','MODERATE','NO CHRONIC CONDITION']))",Administrative Segregation Low/Moderate/No Chronic Health Condition,Administrative Segregation,All Genders,All Ages,Low/Moderate/No Chronic Health Condition,General Population,as.chronic_low_moderate_no_chronic,tier_1b,184
disc,filter,"(housing == 'S2') & ~(custody_class.str.contains('AS', na=False) | custody_class.isin(['AS/KS','S3 AS/KS','S3- AS/KS']))",Disciplinary,Disciplinary,All Genders,All Ages,All Chronic Conditions,General Population,disciplinary,tier_1,190
disc.55plus,filter,"((housing == 'S2') & ~(custody_class.str.contains('AS', na=False) | custody_class.isin(['AS/KS','S3 AS/KS','S3- AS/KS']))) & (age_bracket == 'adult 55+')",Disciplinary 55+,Disciplinary,All Genders,55+,All Chronic Conditions,General Population,disciplinary.55plus,tier_1a,190
disc.u55,filter,"((housing == 'S2') & ~(custody_class.str.contains('AS', na=False) | custody_class.isin(['AS/KS','S3 AS/KS','S3- AS/KS']))) & (age_bracket == 'adult under 55')",Disciplinary Under 55,Disciplinary,All Genders,Under 55,All Chronic Conditions,General Population,disciplinary.u55,tier_1a,192
disc.ch_high,filter,"((housing == 'S2') & ~(custody_class.str.contains('AS', na=False) | custody_class.isin(['AS/KS','S3 AS/KS','S3- AS/KS']))) & (chronic_status == 'HIGH')",Disciplinary Highly Severe Chronic Health Condition,Disciplinary,All Genders,All Ages,Highly Severe Chronic Health Condition,General Population,disciplinary.chronic_high,tier_1b,193
disc.ch_low_mod_no,filter,"((housing == 'S2') & ~(custody_class.str.contains('AS', na=False) | custody_class.isin(['AS/KS','S3 AS/KS','S3- AS/KS']))) & (chronic_status .isin(['LOW','MODERATE','NO CHRONIC CONDITION']))",Disciplinary Low/Moderate/No Chronic Health Condition,Disciplinary,All Genders,All Ages,Low/Moderate/No Chronic Health Condition,General Population,disciplinary.chronic_low_moderate_no_chronic,tier_1b,194
cs,filter,"(custody_class.str.contains('CS', na=False) | custody_class.isin(['S3-CS', 'S3 (CS)', 'S3 - CS', 'S3-CONTROL SEG', 'S3-CONTROL SEGRE', 'S3 CONT. SEG.', 'CONTROL SEGREGAT', 'G2-CS', 'I POD SUBDAY CS']))",Control Segregation,Control Segregation,All Genders,All Ages,All Chronic Conditions,General Population,cs,tier_1,200
cs.55plus,filter,"((custody_class.str.contains('CS', na=False) | custody_class.isin(['S3-CS', 'S3 (CS)', 'S3 - CS', 'S3-CONTROL SEG', 'S3-CONTROL SEGRE', 'S3 CONT. SEG.', 'CONTROL SEGREGAT', 'G2-CS', 'I POD SUBDAY CS']))) & (age_bracket == 'adult 55+')",Control Segregation 55+,Control Segregation,All Genders,55+,All Chronic Conditions,General Population,cs.55plus,tier_1a,200
cs.u55,filter,"((custody_class.str.contains('CS', na=False) | custody_class.isin(['S3-CS', 'S3 (CS)', 'S3 - CS', 'S3-CONTROL SEG', 'S3-CONTROL SEGRE', 'S3 CONT. SEG.', 'CONTROL SEGREGAT', 'G2-CS', 'I POD SUBDAY CS']))) & (age_bracket == 'adult under 55')",Control Segregation Under 55,Control Segregation,All Genders,Under 55,All Chronic Conditions,General Population,cs.u55,tier_1a,202
cs.ch_high,filter,"((custody_class.str.contains('CS', na=False) | custody_class.isin(['S3-CS', 'S3 (CS)', 'S3 - CS', 'S3-CONTROL SEG', 'S3-CONTROL SEGRE', 'S3 CONT. SEG.', 'CONTROL SEGREGAT', 'G2-CS', 'I POD SUBDAY CS']))) & (chronic_status == 'HIGH')",Control Segregation Highly Severe Chronic Health Condition,Control Segregation,All Genders,All Ages,Highly Severe Chronic Health Condition,General Population,cs.chronic_high,tier_1b,203
cs.ch_low_mod_no,filter,"((custody_class.str.contains('CS', na=False) | custody_class.isin(['S3-CS', 'S3 (CS)', 'S3 - CS', 'S3-CONTROL SEG', 'S3-CONTROL SEGRE', 'S3 CONT. SEG.', 'CONTROL SEGREGAT', 'G2-CS', 'I POD SUBDAY CS']))) & (chronic_status .isin(['LOW','MODERATE','NO CHRONIC CONDITION']))",Control Segregation Low/Moderate/No Chronic Health Condition,Control Segregation,All Genders,All Ages,Low/Moderate/No Chronic Health Condition,General Population,cs.chronic_low_moderate_no_chronic,tier_1b,204
mx_all,filter,"(housing.isin(['INFM','BRE','BRW','BSDC','CTRP','NHI','STE']))",Medical Care All,Medical Care All,All Genders,All Ages,All Chronic Conditions,Medical Needs,medical_all,tier_1,100
mx_all.55plus,filter,"((housing.isin(['INFM','BRE','BRW','BSDC','CTRP','NHI','STE']))) & (age_bracket == 'adult 55+')",Medical Care All 55+,Medical Care All,All Genders,55+,All Chronic Conditions,Medical Needs,medical_all.55plus,tier_1a,100
mx_all.u55,filter,"((housing.isin(['INFM','BRE','BRW','BSDC','CTRP','NHI','STE']))) & (age_bracket == 'adult under 55')",Medical Care All Under 55,Medical Care All,All Genders,Under 55,All Chronic Conditions,Medical Needs,medical_all.u55,tier_1a,102
mx_all.ch_high,filter,"((housing.isin(['INFM','BRE','BRW','BSDC','CTRP','NHI','STE']))) & (chronic_status == 'HIGH')",Medical Care All Highly Severe Chronic Health Condition,Medical Care All,All Genders,All Ages,Highly Severe Chronic Health Condition,Medical Needs,medical_all.chronic_high,tier_1b,103
mx_all.ch_low_mod_no,filter,"((housing.isin(['INFM','BRE','BRW','BSDC','CTRP','NHI','STE']))) & (chronic_status .isin(['LOW','MODERATE','NO CHRONIC CONDITION']))",Medical Care All Low/Moderate/No Chronic Health Condition,Medical Care All,All Genders,All Ages,Low/Moderate/No Chronic Health Condition,Medical Needs,medical_all.chronic_low_moderate_no_chronic,tier_1b,104
det,filter,(housing_detox_status == 'DETOX'),Detox,Detox,All Genders,All Ages,All Chronic Conditions,Medical Needs,detox,tier_1,220
det.55plus,filter,((housing_detox_status == 'DETOX')) & (age_bracket == 'adult 55+'),Detox 55+,Detox,All Genders,55+,All Chronic Conditions,Medical Needs,detox.55plus,tier_1a,220
det.u55,filter,((housing_detox_status == 'DETOX')) & (age_bracket == 'adult under 55'),Detox Under 55,Detox,All Genders,Under 55,All Chronic Conditions,Medical Needs,detox.u55,tier_1a,222
det.ch_high,filter,((housing_detox_status == 'DETOX')) & (chronic_status == 'HIGH'),Detox Highly Severe Chronic Health Condition,Detox,All Genders,All Ages,Highly Severe Chronic Health Condition,Medical Needs,detox.chronic_high,tier_1b,223
det.ch_low_mod_no,filter,"((housing_detox_status == 'DETOX')) & (chronic_status .isin(['LOW','MODERATE','NO CHRONIC CONDITION']))",Detox Low/Moderate/No Chronic Health Condition,Detox,All Genders,All Ages,Low/Moderate/No Chronic Health Condition,Medical Needs,detox.chronic_low_moderate_no_chronic,tier_1b,224
sn,filter,"(custody_class.str.contains('SN', na=False) | custody_class.isin(['SN- HOUSE IN SUB', 'SN (IPOD SUBDAY)', 'SN J-POD']))",Special Needs,Special Needs,All Genders,All Ages,All Chronic Conditions,Behavioral Health,special_needs,tier_1,230
sn.55plus,filter,"((custody_class.str.contains('SN', na=False) | custody_class.isin(['SN- HOUSE IN SUB', 'SN (IPOD SUBDAY)', 'SN J-POD']))) & (age_bracket == 'adult 55+')",Special Needs 55+,Special Needs,All Genders,55+,All Chronic Conditions,Behavioral Health,special_needs.55plus,tier_1a,230
sn.u55,filter,"((custody_class.str.contains('SN', na=False) | custody_class.isin(['SN- HOUSE IN SUB', 'SN (IPOD SUBDAY)', 'SN J-POD']))) & (age_bracket == 'adult under 55')",Special Needs Under 55,Special Needs,All Genders,Under 55,All Chronic Conditions,Behavioral Health,special_needs.u55,tier_1a,232
sn.ch_high,filter,"((custody_class.str.contains('SN', na=False) | custody_class.isin(['SN- HOUSE IN SUB', 'SN (IPOD SUBDAY)', 'SN J-POD']))) & (chronic_status == 'HIGH')",Special Needs Highly Severe Chronic Health Condition,Special Needs,All Genders,All Ages,Highly Severe Chronic Health Condition,Behavioral Health,special_needs.chronic_high,tier_1b,233
sn.ch_low_mod_no,filter,"((custody_class.str.contains('SN', na=False) | custody_class.isin(['SN- HOUSE IN SUB', 'SN (IPOD SUBDAY)', 'SN J-POD']))) & (chronic_status .isin(['LOW','MODERATE','NO CHRONIC CONDITION']))",Special Needs Low/Moderate/No Chronic Health Condition,Special Needs,All Genders,All Ages,Low/Moderate/No Chronic Health Condition,Behavioral Health,special_needs.chronic_low_moderate_no_chronic,tier_1b,234
bh_step,filter,"((custody_class.str.contains('SN', na=False) | custody_class.isin(['SN- HOUSE IN SUB', 'SN (IPOD SUBDAY)', 'SN J-POD'])) & ~(housing.str.contains('BH_Acute', na=False)))",Behavioral Health - Step Down,Behavioral Health - Step Down,All Genders,All Ages,All Chronic Conditions,Behavioral Health,behavioral_health_step_down,tier_1,250
bh_step.55plus,filter,"(((custody_class.str.contains('SN', na=False) | custody_class.isin(['SN- HOUSE IN SUB', 'SN (IPOD SUBDAY)', 'SN J-POD'])) & ~(housing.str.contains('BH_Acute', na=False))) & (age_bracket == 'adult 55+'))",Behavioral Health - Step Down 55+,Behavioral Health - Step Down,All Genders,55+,All Chronic Conditions,Behavioral Health,behavioral_health_step_down.55plus,tier_1a,250
bh_step.u55,filter,"(((custody_class.str.contains('SN', na=False) | custody_class.isin(['SN- HOUSE IN SUB', 'SN (IPOD SUBDAY)', 'SN J-POD'])) & ~(housing.str.contains('BH_Acute', na=False))) & (age_bracket == 'adult under 55'))",Behavioral Health - Step Down Under 55,Behavioral Health - Step Down,All Genders,Under 55,All Chronic Conditions,Behavioral Health,behavioral_health_step_down.u55,tier_1a,252
bh_step.ch_high,filter,"(((custody_class.str.contains('SN', na=False) | custody_class.isin(['SN- HOUSE IN SUB', 'SN (IPOD SUBDAY)', 'SN J-POD'])) & ~(housing.str.contains('BH_Acute', na=False))) & (chronic_status == 'HIGH'))",Behavioral Health - Step Down Highly Severe Chronic Health Condition,Behavioral Health - Step Down,All Genders,All Ages,Highly Severe Chronic Health Condition,Behavioral Health,behavioral_health_step_down.chronic_high,tier_1b,253
bh_step.ch_low_mod_no,filter,"(((custody_class.str.contains('SN', na=False) | custody_class.isin(['SN- HOUSE IN SUB', 'SN (IPOD SUBDAY)', 'SN J-POD'])) & ~(housing.str.contains('BH_Acute', na=False))) & (chronic_status.isin(['LOW'",Behavioral Health - Step Down Low/Moderate/No Chronic Health Condition,Behavioral Health - Step Down,All Genders,All Ages,Low/Moderate/No Chronic Health Condition,Behavioral Health,behavioral_health_step_down.chronic_low_moderate_no_chronic,tier_1b,254
bh_acute,filter,"(housing.str.contains('BH_Acute', na=False))",Behavioral Health - Acute,Behavioral Health - Acute,All Genders,All Ages,All Chronic Conditions,Behavioral Health,behavioral_health_acute,tier_1,240
bh_acute.55plus,filter,"((housing.str.contains('BH_Acute', na=False))) & (age_bracket == 'adult 55+')",Behavioral Health - Acute 55+,Behavioral Health - Acute,All Genders,55+,All Chronic Conditions,Behavioral Health,behavioral_health_acute.55plus,tier_1a,240
bh_acute.u55,filter,"((housing.str.contains('BH_Acute', na=False))) & (age_bracket == 'adult under 55')",Behavioral Health - Acute Under 55,Behavioral Health - Acute,All Genders,Under 55,All Chronic Conditions,Behavioral Health,behavioral_health_acute.u55,tier_1a,242
bh_acute.ch_high,filter,"((housing.str.contains('BH_Acute', na=False))) & (chronic_status == 'HIGH')",Behavioral Health - Acute Highly Severe Chronic Health Condition,Behavioral Health - Acute,All Genders,All Ages,Highly Severe Chronic Health Condition,Behavioral Health,behavioral_health_acute.chronic_high,tier_1b,243
bh_acute.ch_low_mod_no,filter,"((housing.str.contains('BH_Acute', na=False))) & (chronic_status.isin(['LOW','MODERATE','NO CHRONIC CONDITION']))",Behavioral Health - Acute Low/Moderate/No Chronic Health Condition,Behavioral Health - Acute,All Genders,All Ages,Low/Moderate/No Chronic Health Condition,Behavioral Health,behavioral_health_acute.chronic_low_moderate_no_chronic,tier_1b,244
ad_c.f,filter,((custody_class.notna() & (custody_class.str.strip() != ''))) & (sex == 'F'),Admitted Classified Female,Admitted Classified,Female,All Ages,All Chronic Conditions,General Population,admitted_classified.female,tier_2,999
ad_c.m,filter,((custody_class.notna() & (custody_class.str.strip() != ''))) & (sex == 'M'),Admitted Classified Male,Admitted Classified,Male,All Ages,All Chronic Conditions,General Population,admitted_classified.male,tier_2,999
ad_c.f.55plus,filter,(((custody_class.notna() & (custody_class.str.strip() != ''))) & (sex == 'F')) & (age_bracket == 'adult 55+'),Admitted Classified Female 55+,Admitted Classified,Female,55+,All Chronic Conditions,General Population,admitted_classified.female.55plus,tier_2a,999
ad_c.m.55plus,filter,(((custody_class.notna() & (custody_class.str.strip() != ''))) & (sex == 'M')) & (age_bracket == 'adult 55+'),Admitted Classified Male 55+,Admitted Classified,Male,55+,All Chronic Conditions,General Population,admitted_classified.male.55plus,tier_2a,999
ad_c.f.u55,filter,(((custody_class.notna() & (custody_class.str.strip() != ''))) & (sex == 'F')) & (age_bracket == 'adult under 55'),Admitted Classified Female Under 55,Admitted Classified,Female,Under 55,All Chronic Conditions,General Population,admitted_classified.female.u55,tier_2a,999
ad_c.m.u55,filter,(((custody_class.notna() & (custody_class.str.strip() != ''))) & (sex == 'M')) & (age_bracket == 'adult under 55'),Admitted Classified Male Under 55,Admitted Classified,Male,Under 55,All Chronic Conditions,General Population,admitted_classified.male.u55,tier_2a,999
ad_c.f.ch_high,filter,(((custody_class.notna() & (custody_class.str.strip() != ''))) & (sex == 'F')) & (chronic_status == 'HIGH'),Admitted Classified Female Highly Severe Chronic Health Condition,Admitted Classified,Female,All Ages,Highly Severe Chronic Health Condition,General Population,admitted_classified.female.chronic_high,tier_2b,999
ad_c.m.ch_high,filter,(((custody_class.notna() & (custody_class.str.strip() != ''))) & (sex == 'M')) & (chronic_status == 'HIGH'),Admitted Classified Male Highly Severe Chronic Health Condition,Admitted Classified,Male,All Ages,Highly Severe Chronic Health Condition,General Population,admitted_classified.male.chronic_high,tier_2b,999
ad_c.f.ch_low_mod_no,filter,"(((custody_class.notna() & (custody_class.str.strip() != ''))) & (sex == 'F')) & (chronic_status .isin(['LOW','MODERATE','NO CHRONIC CONDITION']))",Admitted Classified Female Low/Moderate/No Chronic Health Condition,Admitted Classified,Female,All Ages,Low/Moderate/No Chronic Health Condition,General Population,admitted_classified.female.chronic_low_moderate_no_chronic,tier_2b,999
ad_c.m.ch_low_mod_no,filter,"(((custody_class.notna() & (custody_class.str.strip() != ''))) & (sex == 'M')) & (chronic_status .isin(['LOW','MODERATE','NO CHRONIC CONDITION']))",Admitted Classified Male Low/Moderate/No Chronic Health Condition,Admitted Classified,Male,All Ages,Low/Moderate/No Chronic Health Condition,General Population,admitted_classified.male.chronic_low_moderate_no_chronic,tier_2b,999
mx_off.f,filter,"((housing.isin(['BRE','BRW','BSDC','CTRP','NHI','STE']))) & (sex == 'F')",Medical Care Off Campus Female,Medical Care Off Campus,Female,All Ages,All Chronic Conditions,Medical Needs,medical_off_campus.female,tier_2,999
mx_off.m,filter,"((housing.isin(['BRE','BRW','BSDC','CTRP','NHI','STE']))) & (sex == 'M')",Medical Care Off Campus Male,Medical Care Off Campus,Male,All Ages,All Chronic Conditions,Medical Needs,medical_off_campus.male,tier_2,999
mx_off.f.55plus,filter,"(((housing.isin(['BRE','BRW','BSDC','CTRP','NHI','STE']))) & (sex == 'F')) & (age_bracket == 'adult 55+')",Medical Care Off Campus Female 55+,Medical Care Off Campus,Female,55+,All Chronic Conditions,Medical Needs,medical_off_campus.female.55plus,tier_2a,999
mx_off.m.55plus,filter,"(((housing.isin(['BRE','BRW','BSDC','CTRP','NHI','STE']))) & (sex == 'M')) & (age_bracket == 'adult 55+')",Medical Care Off Campus Male 55+,Medical Care Off Campus,Male,55+,All Chronic Conditions,Medical Needs,medical_off_campus.male.55plus,tier_2a,999
mx_off.f.u55,filter,"(((housing.isin(['BRE','BRW','BSDC','CTRP','NHI','STE']))) & (sex == 'F')) & (age_bracket == 'adult under 55')",Medical Care Off Campus Female Under 55,Medical Care Off Campus,Female,Under 55,All Chronic Conditions,Medical Needs,medical_off_campus.female.u55,tier_2a,999
mx_off.m.u55,filter,"(((housing.isin(['BRE','BRW','BSDC','CTRP','NHI','STE']))) & (sex == 'M')) & (age_bracket == 'adult under 55')",Medical Care Off Campus Male Under 55,Medical Care Off Campus,Male,Under 55,All Chronic Conditions,Medical Needs,medical_off_campus.male.u55,tier_2a,999
mx_off.f.ch_high,filter,"(((housing.isin(['BRE','BRW','BSDC','CTRP','NHI','STE']))) & (sex == 'F')) & (chronic_status == 'HIGH')",Medical Care Off Campus Female Highly Severe Chronic Health Condition,Medical Care Off Campus,Female,All Ages,Highly Severe Chronic Health Condition,Medical Needs,medical_off_campus.female.chronic_high,tier_2b,999
mx_off.m.ch_high,filter,"(((housing.isin(['BRE','BRW','BSDC','CTRP','NHI','STE']))) & (sex == 'M')) & (chronic_status == 'HIGH')",Medical Care Off Campus Male Highly Severe Chronic Health Condition,Medical Care Off Campus,Male,All Ages,Highly Severe Chronic Health Condition,Medical Needs,medical_off_campus.male.chronic_high,tier_2b,999
mx_off.f.ch_low_mod_no,filter,"(((housing.isin(['BRE','BRW','BSDC','CTRP','NHI','STE']))) & (sex == 'F')) & (chronic_status .isin(['LOW','MODERATE','NO CHRONIC CONDITION']))",Medical Care Off Campus Female Low/Moderate/No Chronic Health Condition,Medical Care Off Campus,Female,All Ages,Low/Moderate/No Chronic Health Condition,Medical Needs,medical_off_campus.female.chronic_low_moderate_no_chronic,tier_2b,999
mx_off.m.ch_low_mod_no,filter,"(((housing.isin(['BRE','BRW','BSDC','CTRP','NHI','STE']))) & (sex == 'M')) & (chronic_status .isin(['LOW','MODERATE','NO CHRONIC CONDITION']))",Medical Care Off Campus Male Low/Moderate/No Chronic Health Condition,Medical Care Off Campus,Male,All Ages,Low/Moderate/No Chronic Health Condition,Medical Needs,medical_off_campus.male.chronic_low_moderate_no_chronic,tier_2b,999
mx_on.f,filter,((housing.isin(['INFM']))) & (sex == 'F'),Medical Care On Campus Female,Medical Care On Campus,Female,All Ages,All Chronic Conditions,Medical Needs,medical_on_campus.female,tier_2,999
mx_on.m,filter,((housing.isin(['INFM']))) & (sex == 'M'),Medical Care On Campus Male,Medical Care On Campus,Male,All Ages,All Chronic Conditions,Medical Needs,medical_on_campus.male,tier_2,999
mx_on.f.55plus,filter,(((housing.isin(['INFM']))) & (sex == 'F')) & (age_bracket == 'adult 55+'),Medical Care On Campus Female 55+,Medical Care On Campus,Female,55+,All Chronic Conditions,Medical Needs,medical_on_campus.female.55plus,tier_2a,999
mx_on.m.55plus,filter,(((housing.isin(['INFM']))) & (sex == 'M')) & (age_bracket == 'adult 55+'),Medical Care On Campus Male 55+,Medical Care On Campus,Male,55+,All Chronic Conditions,Medical Needs,medical_on_campus.male.55plus,tier_2a,999
mx_on.f.u55,filter,(((housing.isin(['INFM']))) & (sex == 'F')) & (age_bracket == 'adult under 55'),Medical Care On Campus Female Under 55,Medical Care On Campus,Female,Under 55,All Chronic Conditions,Medical Needs,medical_on_campus.female.u55,tier_2a,999
mx_on.m.u55,filter,(((housing.isin(['INFM']))) & (sex == 'M')) & (age_bracket == 'adult under 55'),Medical Care On Campus Male Under 55,Medical Care On Campus,Male,Under 55,All Chronic Conditions,Medical Needs,medical_on_campus.male.u55,tier_2a,999
mx_on.f.ch_high,filter,(((housing.isin(['INFM']))) & (sex == 'F')) & (chronic_status == 'HIGH'),Medical Care On Campus Female Highly Severe Chronic Health Condition,Medical Care On Campus,Female,All Ages,Highly Severe Chronic Health Condition,Medical Needs,medical_on_campus.female.chronic_high,tier_2b,999
mx_on.m.ch_high,filter,(((housing.isin(['INFM']))) & (sex == 'M')) & (chronic_status == 'HIGH'),Medical Care On Campus Male Highly Severe Chronic Health Condition,Medical Care On Campus,Male,All Ages,Highly Severe Chronic Health Condition,Medical Needs,medical_on_campus.male.chronic_high,tier_2b,999
mx_on.f.ch_low_mod_no,filter,"(((housing.isin(['INFM']))) & (sex == 'F')) & (chronic_status .isin(['LOW','MODERATE','NO CHRONIC CONDITION']))",Medical Care On Campus Female Low/Moderate/No Chronic Health Condition,Medical Care On Campus,Female,All Ages,Low/Moderate/No Chronic Health Condition,Medical Needs,medical_on_campus.female.chronic_low_moderate_no_chronic,tier_2b,999
mx_on.m.ch_low_mod_no,filter,"(((housing.isin(['INFM']))) & (sex == 'M')) & (chronic_status .isin(['LOW','MODERATE','NO CHRONIC CONDITION']))",Medical Care On Campus Male Low/Moderate/No Chronic Health Condition,Medical Care On Campus,Male,All Ages,Low/Moderate/No Chronic Health Condition,Medical Needs,medical_on_campus.male.chronic_low_moderate_no_chronic,tier_2b,999
mmc.f,filter,"((sex == 'F') & (custody_class.isin(['CLOS','CLO','MAX','MED'])))",Max / Medium / Close Custody Female,Max / Medium / Close Custody,Female,All Ages,All Chronic Conditions,General Population,max_med_clos.female,tier_2,999
mmc.m,filter,"((sex == 'M') & (custody_class.isin(['CLOS','CLO','MAX','MED'])))",Max / Medium / Close Custody Male,Max / Medium / Close Custody,Male,All Ages,All Chronic Conditions,General Population,max_med_clos.male,tier_2,999
mmc.f.55plus,filter,"((sex == 'F') & (custody_class.isin(['CLOS','CLO','MAX','MED']))) & (age_bracket == 'adult 55+')",Max / Medium / Close Custody Female 55+,Max / Medium / Close Custody,Female,55+,All Chronic Conditions,General Population,max_med_clos.female.55plus,tier_2a,999
mmc.m.55plus,filter,"((sex == 'M') & (custody_class.isin(['CLOS','CLO','MAX','MED']))) & (age_bracket == 'adult 55+')",Max / Medium / Close Custody Male 55+,Max / Medium / Close Custody,Male,55+,All Chronic Conditions,General Population,max_med_clos.male.55plus,tier_2a,999
mmc.f.u55,filter,"((sex == 'F') & (custody_class.isin(['CLOS','CLO','MAX','MED']))) & (age_bracket == 'adult under 55')",Max / Medium / Close Custody Female Under 55,Max / Medium / Close Custody,Female,Under 55,All Chronic Conditions,General Population,max_med_clos.female.u55,tier_2a,999
mmc.m.u55,filter,"((sex == 'M') & (custody_class.isin(['CLOS','CLO','MAX','MED']))) & (age_bracket == 'adult under 55')",Max / Medium / Close Custody Male Under 55,Max / Medium / Close Custody,Male,Under 55,All Chronic Conditions,General Population,max_med_clos.male.u55,tier_2a,999
mmc.f.ch_high,filter,"((sex == 'F') & (custody_class.isin(['CLOS','CLO','MAX','MED']))) & (chronic_status == 'HIGH')",Max / Medium / Close Custody Female Highly Severe Chronic Health Condition,Max / Medium / Close Custody,Female,All Ages,Highly Severe Chronic Health Condition,General Population,max_med_clos.female.chronic_high,tier_2b,999
mmc.m.ch_high,filter,"((sex == 'M') & (custody_class.isin(['CLOS','CLO','MAX','MED']))) & (chronic_status == 'HIGH')",Max / Medium / Close Custody Male Highly Severe Chronic Health Condition,Max / Medium / Close Custody,Male,All Ages,Highly Severe Chronic Health Condition,General Population,max_med_clos.male.chronic_high,tier_2b,999
mmc.f.ch_low_mod_no,filter,"((sex == 'F') & (custody_class.isin(['CLOS','CLO','MAX','MED']))) & (chronic_status.isin(['LOW','MODERATE','NO CHRONIC CONDITION']))",Max / Medium / Close Custody Female Low/Moderate/No Chronic Health Condition,Max / Medium / Close Custody,Female,All Ages,Low/Moderate/No Chronic Health Condition,General Population,max_med_clos.female.chronic_low_moderate_no_chronic,tier_2b,999
mmc.m.ch_low_mod_no,filter,"((sex == 'M') & (custody_class.isin(['CLOS','CLO','MAX','MED']))) & (chronic_status.isin(['LOW','MODERATE','NO CHRONIC CONDITION']))",Max / Medium / Close Custody Male Low/Moderate/No Chronic Health Condition,Max / Medium / Close Custody,Male,All Ages,Low/Moderate/No Chronic Health Condition,General Population,max_med_clos.male.chronic_low_moderate_no_chronic,tier_2b,999
ad_c,filter,(custody_class.notna() & (custody_class.str.strip() != '')),Admitted Classified,Admitted Classified,All Genders,All Ages,All Chronic Conditions,General Population,admitted_classified,tier_1,999
ad_c.55plus,filter,((custody_class.notna() & (custody_class.str.strip() != ''))) & (age_bracket == 'adult 55+'),Admitted Classified 55+,Admitted Classified,All Genders,55+,All Chronic Conditions,General Population,admitted_classified.55plus,tier_1a,999
ad_c.u55,filter,((custody_class.notna() & (custody_class.str.strip() != ''))) & (age_bracket == 'adult under 55'),Admitted Classified Under 55,Admitted Classified,All Genders,Under 55,All Chronic Conditions,General Population,admitted_classified.u55,tier_1a,999
ad_c.ch_high,filter,((custody_class.notna() & (custody_class.str.strip() != ''))) & (chronic_status == 'HIGH'),Admitted Classified Highly Severe Chronic Health Condition,Admitted Classified,All Genders,All Ages,Highly Severe Chronic Health Condition,General Population,admitted_classified.chronic_high,tier_1b,999
ad_c.ch_low_mod_no,filter,"((custody_class.notna() & (custody_class.str.strip() != ''))) & (chronic_status .isin(['LOW','MODERATE','NO CHRONIC CONDITION']))",Admitted Classified Low/Moderate/No Chronic Health Condition,Admitted Classified,All Genders,All Ages,Low/Moderate/No Chronic Health Condition,General Population,admitted_classified.chronic_low_moderate_no_chronic,tier_1b,999
m,filter,(sex == 'M'),Male Detainees,Male Detainees,All Genders,All Ages,All Chronic Conditions,All Detainees,male,tier_2,999
m.55plus,filter,((sex == 'M')) & (age_bracket == 'adult 55+'),Male Detainees 55+,Male Detainees,All Genders,55+,All Chronic Conditions,All Detainees,male.55plus,tier_2a,999
m.u55,filter,((sex == 'M')) & (age_bracket == 'adult under 55'),Male Detainees Under 55,Male Detainees,All Genders,Under 55,All Chronic Conditions,All Detainees,male.u55,tier_2a,999
m.ch_high,filter,((sex == 'M')) & (chronic_status == 'HIGH'),Male Detainees Highly Severe Chronic Health Condition,Male Detainees,All Genders,All Ages,Highly Severe Chronic Health Condition,All Detainees,male.chronic_high,tier_2b,999
m.ch_low_mod_no,filter,"((sex == 'M')) & (chronic_status .isin(['LOW','MODERATE','NO CHRONIC CONDITION']))",Male Detainees Low/Moderate/No Chronic Health Condition,Male Detainees,All Genders,All Ages,Low/Moderate/No Chronic Health Condition,All Detainees,male.chronic_low_moderate_no_chronic,tier_2b,999
f,filter,(sex == 'F'),Female Detainees,Female Detainees,All Genders,All Ages,All Chronic Conditions,All Detainees,female,tier_2,999
f.55plus,filter,((sex == 'F')) & (age_bracket == 'adult 55+'),Female Detainees 55+,Female Detainees,All Genders,55+,All Chronic Conditions,All Detainees,female.55plus,tier_2a,999
f.u55,filter,((sex == 'F')) & (age_bracket == 'adult under 55'),Female Detainees Under 55,Female Detainees,All Genders,Under 55,All Chronic Conditions,All Detainees,female.u55,tier_2a,999
f.ch_high,filter,((sex == 'F')) & (chronic_status == 'HIGH'),Female Detainees Highly Severe Chronic Health Condition,Female Detainees,All Genders,All Ages,Highly Severe Chronic Health Condition,All Detainees,female.chronic_high,tier_2b,999
f.ch_low_mod_no,filter,"((sex == 'F')) & (chronic_status .isin(['LOW','MODERATE','NO CHRONIC CONDITION']))",Female Detainees Low/Moderate/No Chronic Health Condition,Female Detainees,All Genders,All Ages,Low/Moderate/No Chronic Health Condition,All Detainees,female.chronic_low_moderate_no_chronic,tier_2b,999
mx_off,filter,"(housing.isin(['BRE','BRW','BSDC','CTRP','NHI','STE']))",Medical Care Off Campus,Medical Care Off Campus,All Genders,All Ages,All Chronic Conditions,Medical Needs,medical_off_campus,tier_1,999
mx_off.55plus,filter,"((housing.isin(['BRE','BRW','BSDC','CTRP','NHI','STE']))) & (age_bracket == 'adult 55+')",Medical Care Off Campus 55+,Medical Care Off Campus,All Genders,55+,All Chronic Conditions,Medical Needs,medical_off_campus.55plus,tier_1a,999
mx_off.u55,filter,"((housing.isin(['BRE','BRW','BSDC','CTRP','NHI','STE']))) & (age_bracket == 'adult under 55')",Medical Care Off Campus Under 55,Medical Care Off Campus,All Genders,Under 55,All Chronic Conditions,Medical Needs,medical_off_campus.u55,tier_1a,999
mx_off.ch_high,filter,"((housing.isin(['BRE','BRW','BSDC','CTRP','NHI','STE']))) & (chronic_status == 'HIGH')",Medical Care Off Campus Highly Severe Chronic Health Condition,Medical Care Off Campus,All Genders,All Ages,Highly Severe Chronic Health Condition,Medical Needs,medical_off_campus.chronic_high,tier_1b,999
mx_off.ch_low_mod_no,filter,"((housing.isin(['BRE','BRW','BSDC','CTRP','NHI','STE']))) & (chronic_status .isin(['LOW','MODERATE','NO CHRONIC CONDITION']))",Medical Care Off Campus Low/Moderate/No Chronic Health Condition,Medical Care Off Campus,All Genders,All Ages,Low/Moderate/No Chronic Health Condition,Medical Needs,medical_off_campus.chronic_low_moderate_no_chronic,tier_1b,999
mx_on,filter,(housing.isin(['INFM'])),Medical Care On Campus,Medical Care On Campus,All Genders,All Ages,All Chronic Conditions,Medical Needs,medical_on_campus,tier_1,999
mx_on.55plus,filter,((housing.isin(['INFM']))) & (age_bracket == 'adult 55+'),Medical Care On Campus 55+,Medical Care On Campus,All Genders,55+,All Chronic Conditions,Medical Needs,medical_on_campus.55plus,tier_1a,999
mx_on.u55,filter,((housing.isin(['INFM']))) & (age_bracket == 'adult under 55'),Medical Care On Campus Under 55,Medical Care On Campus,All Genders,Under 55,All Chronic Conditions,Medical Needs,medical_on_campus.u55,tier_1a,999
mx_on.ch_high,filter,((housing.isin(['INFM']))) & (chronic_status == 'HIGH'),Medical Care On Campus Highly Severe Chronic Health Condition,Medical Care On Campus,All Genders,All Ages,Highly Severe Chronic Health Condition,Medical Needs,medical_on_campus.chronic_high,tier_1b,999
mx_on.ch_low_mod_no,filter,"((housing.isin(['INFM']))) & (chronic_status .isin(['LOW','MODERATE','NO CHRONIC CONDITION']))",Medical Care On Campus Low/Moderate/No Chronic Health Condition,Medical Care On Campus,All Genders,All Ages,Low/Moderate/No Chronic Health Condition,Medical Needs,medical_on_campus.chronic_low_moderate_no_chronic,tier_1b,999
mmc,filter,"(custody_class.isin(['CLOS','CLO','MAX','MED']))",Max / Medium / Close Custody,Max / Medium / Close Custody,All Genders,All Ages,All Chronic Conditions,General Population,max_med_clos,tier_1,999
mmc.55plus,filter,"(custody_class.isin(['CLOS','CLO','MAX','MED'])) & (age_bracket == 'adult 55+')",Max / Medium / Close Custody 55+,Max / Medium / Close Custody,All Genders,55+,All Chronic Conditions,General Population,max_med_clos.55plus,tier_1a,999
mmc.u55,filter,"(custody_class.isin(['CLOS','CLO','MAX','MED'])) & (age_bracket == 'adult under 55')",Max / Medium / Close Custody Under 55,Max / Medium / Close Custody,All Genders,Under 55,All Chronic Conditions,General Population,max_med_clos.u55,tier_1a,999
mmc.ch_high,filter,"(custody_class.isin(['CLOS','CLO','MAX','MED'])) & (chronic_status == 'HIGH')",Max / Medium / Close Custody Highly Severe Chronic Health Condition,Max / Medium / Close Custody,All Genders,All Ages,Highly Severe Chronic Health Condition,General Population,max_med_clos.chronic_high,tier_1b,999
mmc.ch_low_mod_no,filter,"(custody_class.isin(['CLOS','CLO','MAX','MED'])) & (chronic_status.isin(['LOW','MODERATE','NO CHRONIC CONDITION']))",Max / Medium / Close Custody Low/Moderate/No Chronic Health Condition,Max / Medium / Close Custody,All Genders,All Ages,Low/Moderate/No Chronic Health Condition,General Population,max_med_clos.chronic_low_moderate_no_chronic,tier_1b,999
